;;;;;;;;;;;;;"Normalised abundance";;;;;;;;;;;"Raw abundance";;;;;;;;;;;;;;;;;;;;;;;;;;;;;;;;;;;;
;;;;;;;;;;;;;"LP110";"LP130";"500";"501";"502";"503";"504";"505";"506";"507";"508";"LP110";"LP130";"500";"501";"502";"503";"504";"505";"506";"507";"508";"Tags";;;;;;;;;;;;;;;;;;;;;;;;;
"Compound";"Neutral mass (Da)";"m/z";"Charge";"Retention time (min)";"Chromatographic peak width (min)";"Identifications";"Max Fold Change";"Highest Mean";"Lowest Mean";"Isotope Distribution";"Maximum Abundance";"Minimum CV%";"210927C2PHR_B1LP110abcNR";"210927C2PHR_B1LP130abcNR";"210927C2PHR_B1500abcNR";"210927C2PHR_B1501abcNR";"210927C2PHR_B1502abcNR";"210927C2PHR_B1503abcNR";"210927C2PHR_B1504abcNR";"210927C2PHR_B1505abcNR";"210927C2PHR_B1506abcNR";"210927C2PHR_B1507abcNR";"210927C2PHR_B1508abcNR";"210927C2PHR_B1LP110abcNR";"210927C2PHR_B1LP130abcNR";"210927C2PHR_B1500abcNR";"210927C2PHR_B1501abcNR";"210927C2PHR_B1502abcNR";"210927C2PHR_B1503abcNR";"210927C2PHR_B1504abcNR";"210927C2PHR_B1505abcNR";"210927C2PHR_B1506abcNR";"210927C2PHR_B1507abcNR";"210927C2PHR_B1508abcNR";"D0NoQC - Anova p-value <= 0,05";"D0NoQC - Max fold change >= 2";"D0NoQC - Minimum CV >= 30";"D0NoQC - qValue>0.004";"D0NoQC - Power<0.8";"MD - Anova p-value <= 0,05";"MD - Minimum CV >= 30";"MD - Max fold change >= 2";"MD - qValue>0.004";"MD - Power<0.8";"MDNOLP130 - Anova p-value <= 0,05";"MDNOLP130 - Minimum CV >= 30";"MDNOLP130 - Max fold change >= 2";"MDNOLP130 - qValue>0.004";"MDNOLP130 - Power<0.8";"D-MolNet - Not fragmented";"Accepted Compound ID";"Accepted Description";"Adducts";"Formula";"Score";"Fragmentation Score";"Mass Error (ppm)";"Isotope Similarity";"Retention Time Error (mins)";"Compound Link"
"0,59_138,9730m/z";;"138,973021948938";"1";"0,594566666666667";"0,0495666666666666";"0";"1,8816422395059";"506";"503";"100 - 0,444";"150,181328176454";"---";"133,241905104772";"118,006832161108";"97,3477330456045";"127,017215058073";"97,7096444854119";"79,8139651753833";"115,878429458778";"138,696138172135";"150,181328176454";"131,451109151959";"118,243822441667";"112,511115551005";"120,836578369151";"75,0696618181093";"103,57594966107";"81,7287285327959";"73,6826777457959";"100,67869457335";"156,658739611807";"165,476178998366";"156,868817279982";"139,77432016036";"x";;;;;;;;"x";"x";"x";;;"x";;;;;;;;;;;;
"0,59_146,9964m/z";;"146,996407525157";"1";"0,594566666666667";"0,0457666666666667";"0";"Infinity";"506";"LP110";"100";"80,0859644319422";"---";"0";"7,51982028843224";"0";"26,2694191776944";"8,62702899083392";"14,9756012438221";"32,9942584520955";"50,4639210618802";"80,0859644319422";"77,4232833002358";"32,5253227510755";"0";"7,70014190673741";"0";"21,4213485717698";"7,21603393554147";"13,8251795669264";"28,6664125919515";"56,9995269775446";"88,2421240144194";"92,394038814848";"38,4477157592789";"x";"x";;;;;"x";;"x";"x";"x";"x";"x";"x";;;;;;;;;;;;
"0,59_182,9629m/z";;"182,962882270918";"1";"0,594566666666667";"0,0724";"0";"1,37356401081264";"LP110";"503";"100 - 24,6 - 26,5";"2447,43609874809";"---";"2447,43609874809";"1960,14381203525";"2239,82261440738";"2235,78914552496";"2005,57554990786";"1781,81437449";"1912,5256025071";"2297,79134598174";"2233,82128227121";"2181,94028650363";"2103,55002154275";"2066,64536576103";"2007,14710343581";"1727,23823077982";"1823,1700630799";"1677,55333195286";"1644,93587143402";"1661,66025806399";"2595,37937318529";"2461,31935869658";"2603,84559953534";"2486,57619580504";"x";;;;;;;;"x";"x";"x";;;"x";;;;;;;;;;;;
"0,59_260,9767m/z";;"260,976685340589";"1";"0,594566666666667";"0,0571833333333333";"0";"1,70947109989106";"505";"LP130";"100 - 18,7 - 16,3";"665,761675349247";"---";"477,861027567";"389,454770771893";"440,214058842704";"473,256359536587";"419,800487803336";"394,652982284306";"468,550150781648";"665,761675349247";"608,999922731324";"631,632930631763";"544,836233180563";"403,511772423517";"398,793705989572";"339,470879197748";"385,91601028043";"351,139954364859";"364,335845878267";"407,090584012648";"751,984779941134";"671,022033481255";"753,76701971188";"644,04306727409";"x";;;;;"x";;;"x";"x";"x";;;;;;;;;;;;;;;
"0,59_336,9223m/z";;"336,922347997071";"1";"0,594566666666667";"0,04195";"0";"7,14332434373691";"LP110";"503";"100 - 26,5 - 25,2";"202,497524008988";"---";"202,497524008988";"118,95946240756";"75,9114433084572";"130,364897070812";"79,8974083532737";"28,3477991849178";"38,6971895403149";"201,238228330445";"168,661522450209";"191,46527860841";"121,608399121671";"170,991418237773";"121,812052223708";"58,5390763503533";"106,305810676163";"66,8297754246109";"26,1701288434302";"33,6212921142697";"227,300684989759";"185,838443553488";"228,487473397906";"143,75153781422";"x";"x";;;;"x";;;"x";;"x";;;"x";;;;;;;;;;;;
"0,60_154,9678m/z";;"154,967811099554";"1";"0,598366666666667";"0,0305333333333333";"0";"4,89340586262329";"506";"504";"100";"36,1809064630132";"---";"29,3744546304513";"23,4359993272035";"16,2178853957084";"7,9047517538184";"15,5763846078162";"14,673650531331";"7,39380862302256";"13,0308658737169";"36,1809064630132";"30,6327078709728";"28,7825629101859";"24,804153442385";"23,9979831463888";"12,506415239175";"6,44591498374781";"13,0287866242794";"13,5464246273026";"6,4239652156823";"14,718499380952";"39,8656625753254";"36,5559232234981";"34,0234532356116";;"x";;"x";"x";"x";"x";;"x";"x";;"x";;"x";"x";;;;;;;;;;;
"0,60_222,9423m/z";;"222,942319401923";"1";"0,598366666666667";"0,04195";"0";"11,2081870575184";"505";"LP130";"100";"96,632058897023";"---";"36,3712042744685";"8,6215601507295";"9,74034673740193";"8,75888692682365";"21,6301716709857";"25,6540397307557";"29,0780423635703";"96,632058897023";"79,7804944110282";"79,9998100281455";"69,3197579948401";"30,7122955322212";"8,82830095291149";"7,51126413211225";"7,14241790772149";"18,0924456119549";"23,6833032691141";"25,263885259631";"109,14692184229";"87,9055441447833";"95,4687690556574";"81,9418879340553";"x";"x";;;;;"x";;"x";"x";"x";;"x";"x";;;;;;;;;;;;
"0,65_266,1597m/z";;"266,159698874159";"1";"0,647866666666667";"0,0266666666666667";"0";"1,45690238564687";"505";"LP110";"100 - 0,917";"139,74005497055";"---";"95,9158666683802";"131,854376712745";"119,285799536836";"133,904482905026";"131,025109250305";"104,894481038082";"108,696592878321";"139,74005497055";"117,35702072435";"111,641744241199";"118,476532550386";"80,9925462219649";"135,016180276859";"91,9871922106089";"109,192159302355";"109,595277326968";"96,8365150968002";"94,438897098214";"157,837854560893";"129,308960067796";"133,229065096329";"140,049403429565";"x";;;;;"x";;;;;"x";;;"x";;;;;;;;;;;;
"0,67_380,0949m/z";;"380,094895005762";"1";"0,666916666666667";"0,0314166666666666";"0";"Infinity";"LP110";"502";"100";"49,7943265698743";"---";"49,7943265698743";"43,8104392541884";"42,571619866369";"13,6250474924124";"0";"28,995913101344";"31,7791476803989";"22,4385374703991";"18,1169290756129";"19,6054972126135";"30,0221898012565";"42,0469463122901";"44,8609921932165";"32,8290860653147";"11,1105194091886";"0";"26,7684548223696";"27,6106874942969";"25,3445629068802";"19,9620034994927";"23,3964641285251";"35,4887983367256";"x";"x";;;;;"x";;"x";"x";;"x";;"x";"x";;;;;;;;;;;
"0,76_259,1054n";"259,105412816947";"260,11265947282";"1";"0,755466666666667";"0,0609666666666666";"0";"5,90555814162509";"LP110";"502";"100 - 0,166";"463,295282165166";"---";"463,295282165166";"191,953432515431";"305,469000792594";"142,204618501903";"78,4507189760182";"219,616808905669";"302,606687530329";"272,687345448034";"204,067615978278";"271,354814422117";"344,809015360319";"391,212276535167";"196,556382089061";"235,562286536997";"115,960489298955";"65,619699551265";"202,745904461684";"262,913869406185";"308,003210536116";"224,850384261589";"323,824645347179";"407,593772866466";"x";"x";;;;;;;"x";"x";;;;"x";"x";;;;"M+H-H2O, M+H";;;;;;;
"0,76_321,1149m/z";;"321,114920751581";"1";"0,759316666666667";"0,0457333333333333";"0";"10,5528014454571";"LP130";"503";"100";"119,629264134105";"---";"83,2941477303933";"119,629264134105";"22,9389373720147";"33,8011331968255";"27,429942504105";"11,3362565146722";"13,3666575499269";"39,3137588466382";"54,4422197521216";"65,0958747173296";"48,6712502653088";"70,3346103663683";"122,497915468566";"17,6893515350503";"27,5630706348022";"22,9436340332084";"10,4654083252074";"11,6133575439454";"44,4053020616419";"59,9867547461397";"77,6829723430383";"57,5335842220794";"x";"x";;;;"x";"x";"x";"x";;;;;"x";"x";;;;;;;;;;;
"0,77_136,0620m/z";;"136,06200855085";"1";"0,77455";"0,0533333333333333";"0";"2,32064109102773";"501";"LP130";"100";"236,83486850995";"---";"124,944787604393";"102,055793731147";"217,944442321038";"236,83486850995";"229,900816606421";"208,414982799155";"227,999391334548";"176,53914490987";"175,251903622115";"141,536076271183";"159,033419174226";"105,504926731569";"104,503041827133";"168,067761501052";"193,126549086731";"192,299353138058";"192,404599636682";"198,092787331453";"199,402811774054";"193,100006010763";"168,903838319411";"187,991115212983";"x";"x";;;;"x";;;"x";"x";;;;"x";"x";;;;;;;;;;;
"0,77_261,1210n";"261,12101239898";"262,128202448798";"1";"0,77455";"0,0571499999999999";"0";"1,77117910709781";"504";"506";"100";"593,640788264579";"---";"510,693599656825";"357,504683636404";"510,08092588922";"437,286129197715";"395,106811795654";"536,303904157004";"593,640788264579";"353,575228014091";"335,167000268707";"353,080147812395";"388,393741606904";"431,236003095019";"366,077471367004";"393,348683203884";"356,584153451632";"330,485056339824";"495,105181868606";"515,773124360761";"399,366920439412";"369,301265371987";"421,352589184646";"459,114650276338";"x";;;;;"x";;;;;"x";;;;;;;;"M+H-H2O, M+H";;;;;;;
"0,78_216,1230m/z";;"216,123020390856";"1";"0,77835";"0,0495333333333333";"0";"2,01941612485766";"504";"506";"100 - 0,0593";"261,891322862781";"---";"219,642664499342";"149,300895660413";"213,818657292898";"179,617839149202";"162,766956309218";"223,85898877454";"261,891322862781";"148,472605197077";"129,686655285691";"140,629733247588";"158,625839300636";"185,468987297833";"152,8810582291";"164,886164178682";"146,469029866873";"136,145581701422";"206,662201209138";"227,539125521994";"167,701361433642";"142,894276168207";"167,822242590942";"187,509320912311";"x";;;;;"x";;;;;"x";;;;;;;;;;;;;;;
"0,79_139,0006m/z";;"139,000635245846";"1";"0,785966666666667";"0,0456833333333333";"0";"1";"---";"---";"100";"0";"---";"0";"0";"0";"0";"0";"0";"0";"0";"0";"0";"0";"0";"0";"0";"0";"0";"0";"0";"0";"0";"0";"0";;;;"x";;;;;"x";;;;;"x";;;;;;;;;;;;
"1,04_495,9986m/z";;"495,998614982114";"1";"1,03931666666667";"0,0504500000000001";"0";"Infinity";"501";"LP110";"100";"173,879459541769";"---";"0";"79,9315545362106";"129,744008865379";"173,879459541769";"161,894771662853";"12,3693750214593";"0";"34,4205212448988";"0";"0";"0";"0";"81,8482741804007";"100,052035766328";"141,789678984524";"135,416047349223";"11,4191629449853";"0";"38,8783389795248";"0";"0";"0";"x";"x";;;;;"x";;"x";"x";;"x";"x";"x";"x";;;;;;;;;;;
"5,07_455,1520m/z";;"455,151978682413";"1";"5,06695";"0,1118";"0";"2,66001419953006";"LP110";"505";"100 - 10,7";"1096,62808064295";"---";"1096,62808064295";"856,111580675326";"765,313468220728";"654,269650647456";"716,260962788106";"439,794867201272";"505,019159427416";"412,263994995475";"422,852379467707";"532,523431085841";"537,334539835093";"926,006338626549";"876,640718308395";"590,171146741136";"533,522958830766";"599,112790703972";"406,009943285477";"438,775964976033";"465,656496961462";"465,916748002591";"635,493464811656";"635,175423571758";"x";"x";;;;;"x";;"x";"x";"x";;;;;;;;;;;;;;;
"6,48_338,0421n";"338,042106998396";"339,049527753327";"1";"6,47771666666667";"0,0879000000000003";"0";"Infinity";"508";"500";"100";"408,137168066713";"---";"2,76294956706996";"10,9303247392955";"0";"0";"0";"0";"0";"304,814577183195";"382,607857010359";"351,930106494823";"408,137168066713";"2,33306884765545";"11,1924285888547";"0";"0";"0";"0";"0";"344,291255013608";"421,57362038002";"419,980173063744";"482,453070449765";"x";"x";;;;"x";"x";"x";"x";;"x";;"x";;;;;;"M+H, M+Na, M+K";;;;;;;
"6,99_563,2096m/z";;"563,209625933209";"1";"6,9879";"0,0773166666666665";"0";"1,36309450564573";"500";"508";"100 - 22,5 - 0,146";"939,033540311033";"---";"707,283866942534";"723,052683844083";"939,033540311033";"880,235746331924";"877,496898981306";"802,732772353862";"859,51333156834";"883,686547015083";"808,329080343729";"734,752229563302";"688,898338612401";"597,239260564153";"740,391134108809";"724,13530445529";"717,786587513086";"733,977758520252";"741,067055763589";"746,771254968331";"998,133203214923";"890,651382649811";"876,825718618951";"814,33680805314";"x";;;;;;;;"x";"x";;;;"x";"x";;;;;;;;;;;
"7,05_329,0651m/z";;"329,065093037595";"1";"7,05358333333333";"0,0419499999999999";"0";"4,52662917774507";"506";"502";"100";"57,4180487818919";"---";"35,6528953229344";"43,7741369969209";"13,9623489913902";"18,9832356838723";"12,6845046340851";"49,2132745716491";"29,4235082938912";"48,8319923076502";"57,4180487818919";"56,6394726768898";"56,5272052036073";"30,1057465536261";"44,8238194255475";"10,7670593261689";"15,4798439148427";"10,6098885250463";"45,43272399899";"25,5640365392671";"55,1562463704333";"63,2656498203678";"67,5914197111445";"66,8199954530153";"x";"x";;;;;"x";;"x";"x";"x";;;"x";;;;;;;;;;;;
"7,05_431,0966m/z";;"431,096606501859";"1";"7,05358333333333";"0,04575";"0";"2,86293801635421";"505";"500";"100";"79,5213576318207";"---";"58,7556311318689";"56,9390298625725";"27,7761366741313";"40,4101879799319";"34,0164641515227";"50,8576532459155";"35,3039310661605";"79,5213576318207";"63,2798881524624";"64,8147533236369";"59,8779806443056";"49,6139829158984";"58,3043999932045";"21,4195556640624";"32,9524119552626";"28,452896118156";"46,9507819438846";"30,6731262207257";"89,8202056884928";"69,7244739146954";"77,3474926287538";"70,7808988605881";"x";;;;;"x";;;"x";"x";"x";;;"x";;;;;;;;;;;;
"7,12_411,1984m/z";;"411,198358550093";"1";"7,12218333333333";"0,0571666666666673";"0";"1,68607450100566";"LP130";"503";"100";"120,402018217938";"---";"101,938933291378";"120,402018217938";"103,20705490791";"110,229737063622";"104,835195164634";"71,4096667413716";"96,0983061672352";"118,258929807126";"99,064527265067";"98,4588187200112";"98,5539648554341";"86,078498304822";"123,289199817965";"79,5880753129635";"89,8866322335497";"87,6888586732319";"65,9239952667079";"83,4931234468365";"133,574698874691";"109,153512258476";"117,497056837592";"116,499222981158";"x";;;;;"x";;;"x";;;;;"x";"x";;;;;;;;;;;
"7,13_338,0995n";"338,09953337606";"377,053882349681";"1";"7,12603333333333";"0,0799999999999992";"0";"7,29316721378298";"LP130";"506";"100 - 1,41";"635,926697908108";"---";"136,76995426141";"635,926697908108";"137,87051057888";"155,835195604978";"131,038664141809";"134,451511322209";"154,18783799817";"105,329472923923";"87,1948605135918";"129,504862155732";"139,122606429462";"115,490243971752";"651,17590957699";"106,318784013162";"127,075517818782";"109,606615246104";"124,122982230246";"133,963070791057";"118,970742009836";"96,0750082668858";"154,546239202075";"164,454830121958";"x";"x";;;;;;"x";"x";"x";"x";;;;;;;;"M+Na, M+K";;;;;;;
"7,14_540,2207n";"540,220748337884";"563,209969017884";"1";"7,14126666666667";"0,0838166666666664";"0";"1,36715750792708";"500";"508";"100 - 23,5 - 2,66";"3282,99481026703";"---";"2584,81390284029";"2921,7902601642";"3282,99481026703";"3162,94235363192";"3060,70236968472";"2626,03216332334";"2979,18838760768";"2784,85429091224";"2733,91082452925";"2437,27792279779";"2401,32888217452";"2182,64888566122";"2991,85336378272";"2531,68001397524";"2579,21540675304";"2560,10872221518";"2424,30107582134";"2588,40924193853";"3145,52206691861";"3012,33929982184";"2908,55594599751";"2838,57629985669";"x";;;;;;;;"x";"x";;;;"x";"x";;;;"M+Na, M+K";;;;;;;
"7,19_449,1075m/z";;"449,107477838228";"1";"7,18695";"0,0771333333333333";"0";"1,6035447523074";"505";"502";"100 - 12,9";"515,437010386616";"---";"493,915146900914";"471,817416552824";"380,064622978924";"397,979897807978";"321,43599961581";"381,144436883267";"409,656408313091";"515,437010386616";"462,790649153822";"452,462211828642";"464,634552265248";"417,068069701219";"483,131367795548";"293,086668003753";"324,53196082618";"268,863485192504";"351,865023317177";"355,921914071512";"582,191497619275";"509,922433287912";"539,951412288146";"549,237814922016";"x";;;;;"x";;;;;"x";;;;;;;;;;;;;;;
"7,36_525,2879m/z";;"525,287865472951";"1";"7,36411666666667";"0,0390500000000005";"0";"2,84404833434115";"501";"507";"100";"51,0865516019492";"---";"47,7950019606477";"25,4550847065319";"37,1451618843264";"51,0865516019492";"40,00893975841";"33,7712228843619";"40,7877975617638";"33,244699235002";"21,0398636280915";"17,9626172259776";"28,9097970366361";"40,3586918404272";"26,0654852071181";"28,6444753626568";"41,6584326357803";"33,4652714542245";"31,1769265867442";"35,4376757798675";"37,5502357135951";"23,1826171874883";"21,4359128475268";"34,1738548647076";;"x";;"x";"x";;"x";;"x";"x";;"x";;"x";"x";;;;;;;;;;;
"7,52_488,1548m/z";;"488,154769703095";"1";"7,5167";"0,0696166666666667";"0";"1,81417491972519";"500";"LP130";"100 - 18,9";"554,338787589806";"---";"387,932403302485";"305,559723906764";"554,338787589806";"492,502294652903";"531,441387650411";"484,713891235805";"533,849733475067";"474,879500843673";"442,151027740569";"431,00267881051";"428,6101388111";"327,574927869909";"312,886896869728";"427,478113923131";"401,610071954482";"444,521409643011";"447,478299923557";"463,824842256082";"536,381366129487";"487,180820006765";"514,3424114539";"506,653874418796";"x";;;;;"x";;;;;;;;"x";"x";;;;;;;;;;;
"7,62_433,1128m/z";;"433,112809268947";"1";"7,62061666666667";"0,14595";"0";"1,29537140934827";"LP110";"502";"100 - 18,7 - 0,423";"2982,75164418807";"---";"2982,75164418807";"2739,40635317697";"2343,54412947962";"2418,33081848857";"2302,62272477417";"2329,69335716072";"2437,41409580198";"2653,75450972188";"2606,12820450767";"2506,2675586324";"2482,3516778771";"2518,67244494371";"2805,09597977087";"1807,22303182379";"1972,02332774392";"1926,01691038403";"2150,72693738487";"2117,69930302101";"2997,44349201859";"2871,54297074206";"2990,88558663556";"2934,35218017726";"x";;;;;"x";;;"x";"x";;;;"x";"x";;;;;;;;;;;
"7,64_449,1077m/z";;"449,107744293825";"1";"7,64346666666667";"0,103983333333333";"0";"2,24925456839548";"504";"LP110";"100 - 17,8 - 0,414";"2040,32938346858";"---";"907,113588714001";"938,620205650154";"1853,07270100872";"1858,40089288955";"1788,15240703556";"1827,66882173313";"2040,32938346858";"1872,70586758054";"1771,67313139397";"1436,2663812483";"1410,78017883815";"765,977953538226";"961,127859818051";"1428,99620398892";"1515,42952066781";"1495,69086469959";"1687,26779232033";"1772,70005976684";"2115,24087653181";"1952,10485735409";"1713,98636328709";"1667,66293850228";"x";"x";;;;;;;"x";"x";;;;"x";"x";;;;;;;;;;;
"7,65_287,0551m/z";;"287,055119640601";"1";"7,64726666666667";"0,100183333333333";"0";"2,14976204926465";"504";"LP110";"100 - 11,7";"2709,98408567107";"---";"1260,59723056236";"1295,54820129807";"2531,98155759531";"2544,90121587926";"2351,47369464296";"2439,52824617796";"2709,98408567107";"2559,71023149476";"2502,16121734624";"1975,16133100028";"1936,44880448441";"1064,46392041267";"1326,61481450022";"1952,5364722086";"2075,23492077662";"1966,87805235212";"2252,12433964297";"2354,51637836508";"2891,21949552579";"2756,98771952446";"2357,08335920534";"2289,04825286476";"x";;;;;;;;"x";"x";"x";;;"x";"x";;;;;;;;;;;
"7,65_594,1585n";"594,15849287074";"595,16576930274";"1";"7,64726666666667";"0,0963666666666665";"0";"2,13229648931095";"504";"LP110";"100 - 23,9 - 2,82";"4003,85694077536";"---";"1877,72055192438";"1891,41087155441";"3690,02956081193";"3639,43051557299";"3497,63107563293";"3488,06997513912";"4003,85694077536";"3549,62012215995";"3462,16851052642";"2670,46720550889";"2606,98623916779";"1585,57049919045";"1936,76598060713";"2845,56468407135";"2967,76678423947";"2925,57548636822";"3220,11737379802";"3478,67236325554";"4009,33307709073";"3814,7646123974";"3186,83527903053";"3081,68090072404";"x";;;;;;;;"x";"x";;;;"x";"x";;;;"M+H, M+Na";;;;;;;
"7,67_283,0598m/z";;"283,059790068743";"1";"7,67391666666667";"0,0735333333333337";"0";"1,89427079832191";"LP110";"500";"100 - 3,49";"231,75798455872";"---";"231,75798455872";"222,055508454265";"122,346807417413";"169,386121502013";"172,036702423696";"177,329963232895";"212,030876293165";"216,179813137886";"211,754869184221";"179,940936985789";"182,632917287137";"195,699313666";"227,380291108931";"94,3476871007142";"138,125594912116";"143,899213062461";"163,707522948543";"184,218857074112";"244,177361403284";"233,320527008081";"214,734756878936";"215,887742171953";"x";;;;;"x";;;"x";"x";;;;"x";"x";;;;;;;;;;;
"7,67_295,0367n";"295,036692641403";"313,070518171403";"1";"7,67011666666667";"0,0925666666666665";"0";"1,25170013271392";"505";"500";"100 - 4,01";"867,83573589261";"---";"857,586585622768";"833,661537926761";"693,325592297398";"754,86595282406";"723,291440553142";"796,963529818927";"823,995428712609";"867,83573589261";"830,636528454465";"788,475126129943";"808,561981036186";"724,156738483465";"853,652334497921";"534,657727666069";"615,554024663614";"604,993397595345";"735,741004895112";"715,912223566201";"980,229546162918";"915,230678367796";"940,936605926273";"955,789476973313";"x";;;;;"x";;;"x";;"x";;;"x";;;;;"M+NH4, M+ACN+H";;;;;;;
"7,67_367,0808m/z";;"367,080764433633";"1";"7,67391666666667";"0,0811500000000001";"0";"1,31877699057946";"505";"500";"100 - 2,74";"274,132846714387";"---";"233,335909638784";"232,605380168572";"207,868994282297";"209,087843289374";"215,58727203195";"228,858081997651";"248,291539068399";"274,132846714387";"256,059364046309";"226,034150374247";"228,805466971623";"197,031733154256";"238,183143595047";"160,298084146779";"170,50028944014";"180,326862550973";"211,277265429669";"215,723220825207";"309,635919344585";"282,137105015815";"269,740666798818";"270,467648411057";"x";;;;;"x";;;"x";;"x";;;;;;;;;;;;;;;
"7,67_414,0945n";"414,094540217571";"415,101901483758";"1";"7,67011666666667";"0,134533333333334";"0";"1,25913944598625";"LP110";"500";"100 - 6,98";"1260,04169229555";"---";"1260,04169229555";"1162,48380577052";"1000,71655789371";"1067,23178635326";"1038,37715443988";"1110,97024608826";"1116,74544768345";"1229,59732451046";"1222,09002950291";"1129,62569977112";"1106,18628059528";"1063,994817017";"1190,35959974828";"771,702136521966";"870,272157435355";"868,545219019235";"1025,62580931559";"970,262320335441";"1388,84304657992";"1346,55080581347";"1348,05288928615";"1307,60687660616";"x";;;;;"x";;;"x";;"x";;;"x";;;;;"M+H-2H2O, M+H-H2O, M+H";;;;;;;
"7,68_455,0943m/z";;"455,094341833996";"1";"7,68176666666667";"0,0430666666666664";"0";"5,28497880499225";"LP130";"500";"100";"44,6581532405197";"---";"42,0427322754078";"44,6581532405197";"8,45001557969071";"21,181369916193";"11,3241149739121";"10,083528242908";"12,5214470943919";"15,5708411874477";"21,6313023575035";"37,1336236868941";"30,3486824536167";"35,5014040470137";"45,7290339469693";"6,51622582344025";"17,2723083496128";"9,47199760526414";"9,30891430378375";"10,8790130615387";"17,5874280803245";"23,8342895507781";"44,3138720294029";"35,8747406005889";"x";"x";;;;;"x";;"x";"x";;"x";;"x";"x";;;;;;;;;;;
"7,73_303,0493m/z";;"303,049326807304";"1";"7,72841666666667";"0,0418833333333337";"0";"6,95118832496102";"LP110";"500";"100";"61,1172404680941";"---";"61,1172404680941";"59,7048454521026";"8,79234421669";"33,0923616913367";"24,8275263545837";"49,8804831793176";"47,7177727566214";"53,2220070032346";"60,8312086240893";"44,1775390419013";"46,0045352022155";"51,608155099983";"61,1365384899196";"6,78021240233832";"26,9851042407182";"20,7668564578346";"46,0486778201043";"41,4586484432237";"60,1148139134893";"67,0264145962253";"52,7198160939974";"54,3812987385047";"x";"x";;;;"x";;;;;"x";;;;;;;;;;;;;;;
"7,74_405,0789m/z";;"405,078922819408";"1";"7,73603333333333";"0,0380666666666665";"0";"52,7289500445052";"501";"504";"100 - 1,45";"153,087100614773";"---";"102,345790170258";"54,2020604150034";"134,162212553612";"153,087100614773";"118,007807498165";"7,23313808406992";"2,90328368923641";"71,7306463402921";"31,2656133154345";"75,1111011678905";"49,696454672816";"86,4220532943462";"55,5017993548479";"103,459131610704";"124,834588916041";"98,7070223677655";"6,67749035357718";"2,52246093749829";"81,0205157497894";"34,4497833938434";"89,6347674874558";"58,7454635923985";"x";"x";;;;;"x";;"x";"x";;"x";;"x";"x";;;;;;;;;;;
"7,85_287,0551m/z";;"287,0551340005";"1";"7,8541";"0,1462";"0";"2,31018413390991";"LP130";"LP110";"100 - 12,6 - 0,14";"6752,96501818608";"---";"2923,12847234256";"6752,96501818608";"4747,07784634926";"4792,87408517214";"4640,81009110184";"4988,59853161658";"5287,37016720205";"4747,71015610182";"4893,9108597834";"4087,41843147961";"4203,15724703579";"2468,32589990029";"6914,89782159506";"3660,70700776086";"3908,34017853933";"3881,78168189477";"4605,37572842734";"4593,82758850163";"5362,58830922889";"5392,31926677377";"4877,77166135116";"4968,49166916387";"x";"x";;;;"x";;;;;;;;"x";"x";;;;;;;;;;;
"7,86_449,1076m/z";;"449,107578464286";"1";"7,85791666666667";"0,100233333333333";"0";"2,85209366277438";"LP130";"LP110";"100 - 16,4";"1637,91175922719";"---";"574,284000769421";"1637,91175922719";"1106,90547942608";"1113,76923008928";"1035,39044147341";"1094,5945474256";"1170,50835308913";"1022,01135892871";"1039,35219021271";"889,398634736096";"863,114393483631";"484,932525685927";"1677,18808335946";"853,589676979953";"908,221028598631";"866,046998351997";"1010,50808743857";"1016,97316339739";"1154,37252593158";"1145,20247728736";"1061,37493111752";"1020,27509834022";"x";"x";;;;"x";;;"x";;;;;"x";"x";;;;;;;;;;;
"8,16_265,0969m/z";;"265,096896628184";"1";"8,15743333333333";"0,111383333333334";"0";"13,1356467480736";"504";"505";"100 - 2,44";"613,769961672187";"---";"239,895119885165";"134,641251473151";"116,456192866435";"93,0901803580703";"113,873335339041";"507,392748834384";"613,769961672187";"46,7255228039837";"52,9448920326597";"85,6753789311882";"113,14474655172";"202,570411555571";"137,869882933083";"89,8051422626579";"75,9102128817664";"95,2487644393996";"468,414973755097";"533,261960816207";"52,7769670204521";"58,3369353396035";"102,241779849976";"133,746775961887";"x";"x";;;;"x";"x";"x";;;"x";"x";"x";;;;;;;;;;;;;
"8,18_271,0597m/z";;"271,059655420271";"1";"8,1841";"0,0771333333333342";"0";"2,84083515940536";"504";"LP130";"100 - 6,61";"663,82987748201";"---";"255,795008360305";"233,674197985131";"586,545432296666";"576,281614199913";"532,368065179767";"642,256023917443";"663,82987748201";"590,161635636432";"613,991904110932";"445,925115426879";"462,252949888728";"215,996474385188";"239,277591140904";"452,314253921454";"469,92776086045";"445,296524286331";"592,91808816436";"576,755534190686";"666,593743881331";"676,522411020585";"532,150286929786";"546,422557040492";"x";"x";;;;;;;"x";"x";;;;"x";"x";;;;;;;;;;;
"8,18_433,1124m/z";;"433,112440896763";"1";"8,1841";"0,0733166666666669";"0";"3,2160797363596";"504";"LP110";"100 - 12,5 - 0,111";"518,300780832418";"---";"161,159182396112";"189,526909962486";"411,599132725058";"428,960655356872";"394,787428377342";"470,062069332388";"518,300780832418";"446,670340430979";"457,830822833321";"345,229359576503";"356,439700156028";"136,084810393672";"194,071672710259";"317,40449142069";"349,795161431538";"330,217909725683";"433,952027054818";"450,315440537778";"504,518824215916";"504,457485561204";"411,983753324491";"421,342237917328";"x";"x";;;;;;;"x";"x";;;;"x";"x";;;;;;;;;;;
"8,18_575,2093m/z";;"575,209306151247";"1";"8,18028333333333";"0,0504499999999997";"0";"3,37109557314594";"LP130";"504";"100 - 1,39";"108,702665575156";"---";"102,132979805858";"108,702665575156";"55,2504483627791";"52,1247966396831";"43,6193878604976";"32,7043565100086";"32,2455009703902";"75,3558358067976";"74,7146453107866";"96,4055515325601";"89,5109492024312";"86,2423535859053";"111,309302412043";"42,6063591224019";"42,50506760345";"36,48521216091";"30,1920166015485";"28,0158693790153";"85,1152051922014";"82,3237760071";"115,046764882407";"105,809604369399";"x";"x";;;;"x";;;"x";;;;;"x";"x";;;;;;;;;;;
"8,18_578,1633n";"578,16326803863";"579,17054447063";"1";"8,1841";"0,0771166666666669";"0";"3,48426614380154";"504";"LP110";"100 - 19,8";"840,172321682776";"---";"241,133222035128";"300,088321791584";"745,215366273418";"754,746324008412";"675,641021163069";"765,487788808909";"840,172321682776";"731,305959596464";"740,752062015787";"540,584643976113";"532,745629375585";"203,615880351209";"307,284293203718";"574,672504203013";"615,456473570387";"565,136449887521";"706,683221879884";"729,967198889011";"826,017734962444";"816,192147824882";"645,113413552273";"629,750938583793";"x";"x";;;;;;;"x";"x";;;;"x";"x";;;;"M+H, M+Na";;;;;;;
"8,23_545,1991m/z";;"545,199102209373";"1";"8,23455";"0,0838166666666673";"0";"1,15408426640229";"LP130";"503";"100 - 23 - 0,174";"1036,25001257963";"---";"919,484623403326";"1036,25001257963";"1028,38578291715";"992,058888883439";"971,689086240527";"897,898050209114";"933,882243803769";"1034,64542804176";"999,693678377298";"1000,30100293987";"1004,40865136971";"776,424208508249";"1061,09878184139";"793,039247313298";"808,972559261584";"812,76432808523";"828,921762460461";"811,385221827163";"1168,64283921861";"1101,50504110825";"1193,72165261656";"1187,29700638393";"x";;;;;"x";;;;;"x";;;"x";;;;;;;;;;;;
"8,33_326,1019m/z";;"326,101892362048";"1";"8,33366666666667";"0,0580666666666652";"0";"2,20953659329237";"LP110";"506";"100 - 0,779";"190,254163340533";"---";"190,254163340533";"100,561616165213";"156,684745247948";"133,475866506956";"151,091989016978";"127,685121763657";"137,744833698642";"112,084790924107";"86,1059119446583";"128,477310027786";"118,482938526349";"160,652972792865";"102,973034612831";"120,827372860442";"108,842644864882";"126,38011548279";"117,876384905457";"119,676889873069";"126,600944389893";"94,8751583887362";"153,319997080237";"140,056975841525";"x";"x";;;;"x";;;;;"x";;;;;;;;;;;;;;;
"8,35_393,1878m/z";;"393,187847609448";"1";"8,34888333333333";"0,0466499999999996";"0";"1,28250746924781";"504";"LP130";"100";"107,659427535937";"---";"90,3146968198849";"83,9444838470062";"102,907957738458";"93,4699196577395";"95,4594412558607";"92,9661861185817";"107,659427535937";"90,9201385040309";"90,6270063935234";"84,7986207980412";"90,3830398872476";"76,2628490028407";"85,9574315764046";"79,3574266613814";"76,2198705810703";"79,8465576390202";"85,8245485984682";"93,537776387348";"102,695247979399";"99,8566926671513";"101,195489618766";"106,840490212493";;;;"x";"x";;;;"x";"x";;;;"x";"x";;;;;;;;;;;
"8,43_301,0705m/z";;"301,070453441583";"1";"8,42985";"0,0800000000000001";"0";"2,05938149727805";"504";"LP110";"100 - 5,9";"905,279151275582";"---";"439,587882319093";"500,685777999747";"730,147608502117";"749,465884485729";"732,247496446628";"775,686955823346";"905,279151275582";"641,913215639528";"650,578176446395";"592,541114541981";"606,607430616411";"371,193454368086";"512,69197845246";"563,053009379042";"611,150549070785";"612,4846443878";"716,098891615737";"786,533987391655";"725,047695109178";"716,834722966267";"707,116314404847";"717,061910447453";"x";;;;;;;;"x";"x";;;;"x";"x";;;;;;;;;;;
"8,43_463,1230m/z";;"463,123010430578";"1";"8,42985";"0,0800000000000001";"0";"2,0476186828914";"504";"LP110";"100 - 15,5";"831,803692022645";"---";"406,229782416359";"460,691274516949";"702,519007115723";"703,176829889602";"722,607617041038";"767,011947207041";"831,803692022645";"610,862958801304";"603,673406282025";"605,396986081738";"626,089473623801";"343,025461500022";"471,738426306967";"541,747225487677";"573,404226365513";"604,421416943082";"708,09029483806";"722,69627958604";"689,976105049027";"665,153050964558";"722,458028723999";"740,091353004896";"x";;;;;"x";;;"x";"x";;;;"x";"x";;;;;;;;;;;
"8,43_608,1739n";"608,173855042415";"609,181131474415";"1";"8,42985";"0,0838000000000001";"0";"1,81381497523948";"504";"LP110";"100 - 24,5 - 1,37";"2213,14704393484";"---";"1220,16141345543";"1335,47714618835";"2012,36724226838";"1926,07525175681";"2013,17056803637";"2061,15778043724";"2213,14704393484";"1602,22517685892";"1631,07575135114";"1486,2955444216";"1535,8054922118";"1030,31941544376";"1367,50123599016";"1551,83611990387";"1570,61444960973";"1683,90614572161";"1902,82019174808";"1922,84928543574";"1809,73010560327";"1797,18868029556";"1773,68928787351";"1815,4535614607";"x";;;;;"x";;;"x";"x";;;;"x";"x";;;;"M+H, M+Na";;;;;;;
"8,46_287,0551m/z";;"287,055143902475";"1";"8,4603";"0,110466666666666";"0";"1,93115304440703";"LP130";"LP110";"100 - 12,7";"6976,39938652612";"---";"3612,55645000847";"6976,39938652612";"4060,83256200398";"4143,43461223172";"3966,29571893258";"3881,1386827141";"4275,97102372782";"4268,94176551755";"4388,60259245481";"4168,92267136488";"4184,8070129103";"3050,48742632301";"7143,69003697647";"3131,5092564795";"3378,75597905555";"3317,58761175135";"3582,99064852584";"3715,09333284094";"4821,81440143761";"4835,54911226044";"4975,03576050247";"4946,80012159116";"x";;;;;"x";;;;;"x";;;;;;;;;;;;;;;
"8,46_393,1880m/z";;"393,188003065204";"1";"8,46411666666667";"0,0647500000000001";"0";"1,4252034647432";"504";"LP130";"100 - 6,46";"442,296878590794";"---";"324,849640198122";"310,339463474774";"425,528056600991";"408,674467850825";"403,414013121909";"378,709508336044";"442,296878590794";"385,805238823426";"400,480381164828";"340,669252887494";"315,218674013267";"274,307061102838";"317,781252258452";"328,145774983674";"333,252827898398";"337,433572073725";"349,617145328847";"384,280944765731";"435,771054956834";"441,266328135691";"406,541893247461";"372,615456370164";"x";;;;;;;;"x";"x";;;;"x";"x";;;;;;;;;;;
"8,46_445,2036m/z";;"445,203614711598";"1";"8,4603";"0,0456833333333329";"0";"Infinity";"LP110";"503";"100";"154,748129201486";"---";"154,748129201486";"109,593711619772";"10,9265576144732";"12,6923028621182";"19,9047929514357";"0";"0";"0";"4,01185601149481";"31,5181613698863";"32,9583916454918";"130,671237642538";"112,221715305678";"8,42601013184691";"10,3499145507856";"16,649261474616";"0";"0";"0";"4,42043369528457";"37,6125901776765";"38,9596402645061";"x";"x";;;;;"x";;"x";"x";;"x";"x";"x";"x";;;;;;;;;;;
"8,46_449,1079m/z";;"449,107867948648";"1";"8,4603";"0,0952333333333346";"0";"1,92018752766602";"LP130";"LP110";"100 - 19,1 - 1,57";"5059,52074404723";"---";"2634,90970082337";"5059,52074404723";"2914,97268769709";"2954,30601428956";"2823,71413807793";"2729,87053978328";"2908,19093387554";"2893,39869466318";"2923,75046400189";"2798,0391291855";"2787,42235051091";"2224,95039817008";"5180,84558073497";"2247,8799149019";"2409,08329535922";"2361,88113732872";"2520,16261601085";"2526,72450049727";"3268,12410694393";"3221,51269403666";"3339,07482203925";"3294,97183021683";"x";;;;;"x";;;;;"x";;;"x";;;;;;;;;;;;
"8,51_395,2037m/z";;"395,203695803487";"1";"8,506";"0,0885666666666669";"0";"1,28791922213733";"500";"LP110";"100 - 13,9";"963,420510316059";"---";"748,044204757841";"762,086145991972";"963,420510316059";"909,717777387378";"907,604289759674";"894,019745445688";"939,298463503117";"921,237262466908";"929,418167744868";"827,609791560717";"814,991618467103";"631,657794840061";"780,360599617495";"742,941305722809";"741,827654411849";"759,160930362859";"825,341388030302";"816,090997797719";"1040,54712931071";"1024,07249261627";"987,638446027725";"963,389858813366";"x";;;;;;;;"x";"x";"x";;;"x";;;;;;;;;;;;
"8,52_271,0601m/z";;"271,060144726536";"1";"8,52123333333333";"0,0999833333333324";"0";"1,75896708408247";"LP130";"LP110";"100 - 12,4";"3854,04052317505";"---";"2191,08166267104";"3854,04052317505";"2635,29562149976";"2730,39173773647";"2582,79865490551";"2630,72355235067";"2901,95228001584";"2646,73918948155";"2643,5843502483";"2525,23028413357";"2487,50583812739";"1850,17650368045";"3946,45853284767";"2032,20706746251";"2226,49281873717";"2160,36862311129";"2428,6320736";"2521,30416878046";"2989,5196143872";"2912,81374622676";"3013,51499114164";"2940,44483880505";"x";;;;;"x";;;;;;;;"x";"x";;;;;;;;;;;
"8,52_433,1129m/z";;"433,112868075996";"1";"8,52123333333333";"0,153283333333334";"0";"1,77739649945502";"LP130";"LP110";"100 - 17 - 0,689";"3603,80029518378";"---";"2027,57251760581";"3603,80029518378";"2368,96285497399";"2397,19064738258";"2375,00576612609";"2336,77451537373";"2547,45281824882";"2332,47536089834";"2303,39563159264";"2141,78731130127";"2128,55301309191";"1712,10735569271";"3690,21766639088";"1826,82467088626";"1954,78461488678";"1986,56133225953";"2157,26412292037";"2213,30428300056";"2634,55533102464";"2537,97933781517";"2555,92854679305";"2516,131872149";"x";;;;;"x";;;;;;;;"x";"x";;;;;;;;;;;
"8,66_519,2406m/z";;"519,24056297568";"1";"8,65556666666667";"0,0609333333333346";"0";"3,67584368604176";"500";"506";"100 - 8,46";"323,61719492445";"---";"280,159471927418";"301,552650946831";"323,61719492445";"290,16610177861";"285,182081307302";"256,82373197475";"272,322965047962";"100,326811806375";"88,0388891816367";"121,520033580355";"142,692617112303";"236,5701292994";"308,78373625702";"249,557258514922";"236,615403175305";"238,539082076611";"237,094601665081";"236,602452686209";"113,320183921424";"97,0049949746145";"145,017444634394";"168,674888352953";"x";"x";;;;"x";;;;;"x";;"x";;;;;;;;;;;;;
"8,70_587,2095m/z";;"587,209489056076";"1";"8,69841666666667";"0,0618833333333342";"0";"1,95784899277811";"LP130";"503";"100 - 16,2";"296,014223439207";"---";"242,164989141396";"296,014223439207";"182,850097004492";"190,741271393306";"202,173978598056";"151,193592831271";"166,263375378064";"177,456357690973";"158,378949115905";"198,995708739128";"223,178998594664";"204,48711727944";"303,112499962386";"141,004772438874";"155,539611816311";"169,107382390515";"139,578941521521";"144,454663966402";"200,438813209544";"174,508666634536";"237,47400592575";"263,81668114652";"x";;;;;;;;"x";"x";;;;"x";"x";;;;;;;;;;;
"8,72_463,1228m/z";;"463,122796069134";"1";"8,72125";"0,0418833333333328";"0";"3,68446801619906";"LP130";"LP110";"100 - 2,89";"202,05163815919";"---";"54,838754813681";"202,05163815919";"102,850110455499";"102,12074317737";"96,1696256134709";"105,850983475197";"126,049266085934";"88,6709352224893";"92,5632424889574";"95,1957200686582";"111,153653636314";"46,3065240223312";"206,896737772823";"79,3128177543947";"83,2741683861863";"80,4405876846421";"97,7195392728598";"109,515425957469";"100,154749333505";"101,990120001971";"113,602997446173";"131,39313369221";"x";"x";;;;"x";;;"x";"x";;;;"x";"x";;;;;;;;;;;
"8,73_301,0702m/z";;"301,070206561846";"1";"8,72506666666667";"0,0847333333333342";"0";"3,7526334633824";"LP130";"LP110";"100 - 5,67";"688,600691901427";"---";"183,49798844483";"688,600691901427";"342,050064811172";"354,92085840763";"355,400933202161";"363,141026083023";"414,206427254689";"338,037077861703";"327,706959194846";"350,592605148759";"357,621210125823";"154,947975001251";"705,113000223574";"263,771758076872";"289,419547950922";"297,273278835012";"335,244629713067";"359,875108548376";"381,816417225321";"361,081474622614";"418,384049184523";"422,738883842507";"x";"x";;;;"x";;;"x";"x";;;;"x";"x";;;;;;;;;;;
"8,73_449,1072m/z";;"449,107190873905";"1";"8,73268333333333";"0,0533166666666656";"0";"2,09849606434285";"505";"500";"100";"57,1223215824066";"---";"27,6351007997712";"47,7097127268965";"27,2205998157517";"49,4579453159475";"31,8509730708374";"48,1499615363035";"47,7891330607153";"57,1223215824066";"39,1828218934343";"35,6190105569335";"51,0775869321357";"23,3354215169906";"48,8537683396381";"20,9911536583731";"40,3303886960711";"26,6415822646915";"44,451094386251";"41,520648440066";"64,5202600500235";"43,1733007560096";"42,5063895983571";"60,3780801520769";"x";"x";;;;"x";;;;;"x";;;"x";"x";;;;;;;;;;;
"8,84_587,2097m/z";;"587,209660038389";"1";"8,83555";"0,0657833333333322";"0";"1,42234344838828";"LP130";"506";"100 - 18,1";"398,59831206463";"---";"390,707755064638";"398,59831206463";"331,460301688905";"312,48180732254";"291,366722310046";"304,564634073456";"326,01730647982";"291,209756474267";"280,240551265097";"290,393877612494";"298,216484109761";"329,918469284757";"408,156504937373";"255,605466870583";"254,812703383883";"243,712193167621";"281,16806045018";"283,253725287881";"328,924467639471";"308,780966228095";"346,545148384856";"352,517412464552";"x";;;;;;;;"x";"x";;;;"x";"x";;;;;;;;;;;
"8,91_343,0596m/z";;"343,05960967109";"1";"8,91268333333333";"0,0647666666666673";"0";"8,10628918594279";"504";"507";"100 - 0,914";"213,615220185093";"---";"181,432241229605";"77,3089626801382";"79,0040817049348";"86,0188463101634";"92,5625330560575";"194,787906513074";"213,615220185093";"54,4932866823552";"56,6748919916254";"26,3517887513224";"30,0550609675385";"153,2036324579";"79,1627938523301";"60,9239630989797";"70,1439068023287";"77,4234537060047";"179,824351701395";"185,595383106952";"61,5507376158346";"62,4468080406127";"31,447235107413";"35,5276548691437";"x";"x";;;;;;;"x";"x";;;"x";"x";"x";;;;;;;;;;;
"8,91_358,0474n";"358,047422262039";"341,044134012039";"1";"8,90886666666667";"0,0495333333333328";"0";"41,9393644132198";"504";"505";"100";"154,588507552144";"---";"117,228512172308";"32,0277499049965";"11,0692619508923";"37,8827398165099";"44,8460211688726";"148,43194968528";"154,588507552144";"3,68600024618914";"4,34340759697827";"4,31050648541399";"6,56716787052199";"98,9892081512919";"32,7957597073619";"8,53605651854539";"30,8914090933602";"37,5112232696131";"137,029447062404";"134,311184653472";"4,16337585448946";"4,78575134277662";"5,14399656729337";"7,76295459269343";"x";"x";;;;"x";"x";"x";"x";"x";"x";"x";"x";"x";;;;;"M+H-H2O, M+H";;;;;;;
"8,91_396,0628n";"396,062808335412";"379,059520085412";"1";"8,91268333333333";"0,0457333333333327";"0";"41,4369003495182";"504";"505";"100";"140,841672445416";"---";"75,8091972117583";"7,69688687909099";"16,0113783433471";"22,8463319742969";"37,8020342567119";"124,046159511511";"140,841672445416";"3,39894324279623";"7,96070048713429";"5,1856070478156";"9,03670878123928";"64,0142254091471";"7,88145446777187";"12,3471674159457";"18,6299985354582";"31,6193167217543";"114,516966758961";"122,36751731586";"3,83914196491668";"8,77143859863631";"6,18830871582225";"10,6821633494468";"x";"x";;;;"x";"x";"x";"x";;"x";"x";"x";"x";;;;;"M+H-H2O, M+H";;;;;;;
"8,91_438,0735n";"438,07352106002";"439,080711216469";"1";"8,90886666666667";"0,0723666666666674";"0";"6,90727020976157";"504";"507";"100 - 8,86";"511,121810005665";"---";"460,777759370792";"173,301419128217";"219,709015979821";"197,291129046013";"232,948221293152";"481,847001298746";"511,121810005665";"118,486574734258";"129,032791694147";"73,9976567419257";"74,9886933749531";"389,086449095238";"177,457102529302";"169,428511707284";"160,880680947875";"194,848339081903";"444,831643703674";"444,078132916391";"133,831826202341";"142,173821435062";"88,3060247226749";"88,6430548316258";"x";"x";;;;"x";;;"x";"x";"x";;"x";"x";;;;;"M+H-H2O, M+H";;;;;;;
"8,91_492,1054n";"492,105354477048";"515,094575157048";"1";"8,90886666666667";"0,0876833333333344";"0";"5,90176713027856";"504";"507";"100 - 20,7 - 0,156";"3878,84514248158";"---";"3488,76595922815";"1574,67146308503";"1975,19894324906";"1884,3931005303";"1911,39563656648";"3628,01740626331";"3878,84514248158";"1115,98792533191";"1017,10627485036";"657,234529397384";"665,438002022032";"2945,95720213155";"1612,43131579843";"1523,17380234967";"1536,62481761199";"1598,7770288432";"3349,31408074294";"3370,05832078647";"1260,52004121062";"1120,69098097035";"784,319006262234";"786,604681926469";"x";"x";;;;"x";;;"x";"x";"x";;"x";"x";"x";;;;"M+H-2H2O, M+H-H2O, M+H, M+Na, M+K, 2M+Na";;;;;;;
"8,92_373,0701m/z";;"373,070065321046";"1";"8,91648333333333";"0,0419166666666655";"0";"Infinity";"504";"LP130";"100";"70,3550502435229";"---";"44,6708951584313";"0";"10,6336770887946";"10,7115597637667";"25,1381344503957";"51,2967969963182";"70,3550502435229";"6,47717525882348";"0";"2,41622997068154";"0";"37,7206573486399";"0";"8,20015544239563";"8,73472130825882";"21,0266629986977";"47,3561907889896";"61,1266018036605";"7,3160372427437";"0";"2,88343811035548";"0";"x";"x";;;;;"x";"x";"x";"x";;"x";"x";"x";"x";;;;;;;;;;;
"8,95_461,1416m/z";;"461,141570136687";"1";"8,94698333333333";"0,08385";"0";"2,093133866074";"LP130";"503";"100 - 17,6";"1287,35189545207";"---";"1240,3303467527";"1287,35189545207";"842,071921854642";"811,294707892654";"783,602104480997";"615,035624963016";"694,381794345985";"749,036309048015";"752,880874535383";"880,404128339981";"953,99623636682";"1047,35031261508";"1318,2219652426";"649,363394734004";"661,568747091194";"655,4399415957";"567,788752967647";"603,299966324819";"846,044350227749";"829,556189652852";"1050,64122495499";"1127,70521639298";"x";"x";;;;;;;"x";"x";;;;"x";"x";;;;;;;;;;;
"9,05_287,0548m/z";;"287,054786120115";"1";"9,0508";"0,0571166666666656";"0";"1,79694494913208";"LP130";"502";"100 - 1,01";"251,271567439323";"---";"161,682052195846";"251,271567439323";"163,315866995466";"152,630973324046";"139,832646270375";"158,373110051291";"184,378343418265";"180,353024809074";"188,679265638249";"175,866906753421";"171,428021620301";"136,526328130976";"257,296936921149";"125,940959499668";"124,462640772777";"116,962296273222";"146,206930151465";"160,193497699683";"203,710629034969";"207,894844939387";"209,872962191638";"202,642596320274";"x";;;;;"x";;;;;"x";;;;;;;;;;;;;;;
"9,33_287,0546m/z";;"287,054571800969";"1";"9,32983333333333";"0,0812999999999988";"0";"13,0961347275425";"508";"502";"100";"89,26005963874";"---";"48,4761233077757";"47,6520186183701";"14,5434126623722";"42,6170420599838";"6,81575606052807";"32,7405043490394";"31,130689074684";"78,8212216666132";"83,3564814618884";"61,408065457413";"89,26005963874";"40,9338391451037";"48,7946907545634";"11,215146322247";"34,7519869735015";"5,70100402831599";"30,2253875732658";"27,0472869872901";"89,0293947884072";"91,8457188689589";"73,2820792605119";"105,513031428199";"x";"x";;;;"x";;;"x";;"x";;;"x";;;;;;;;;;;;
"9,38_709,2456m/z";;"709,245612563668";"1";"9,38443333333333";"0,0586000000000002";"0";"1,72584036358657";"LP130";"503";"100 - 29,3 - 0,173";"529,978456127395";"---";"397,864772848986";"529,978456127395";"446,830640162047";"404,112152106134";"429,835677826756";"307,084286188564";"320,338730428158";"432,873943973461";"417,858144181121";"436,91734108261";"433,739024929798";"335,961943778027";"542,687080696892";"344,573252992138";"329,532496085942";"359,533837338423";"283,4941535646";"278,320006160111";"488,93565002878";"460,413887012628";"521,400747296182";"512,716656859499";"x";;;;;"x";;;;;;;;"x";"x";;;;;;;;;;;
"9,42_555,2194m/z";;"555,219441858255";"1";"9,4227";"0,072516666666667";"0";"2,25922758377698";"LP130";"503";"100 - 9,38";"289,620546563929";"---";"279,729879154322";"289,620546563929";"179,266708239695";"167,214090021775";"164,289949769424";"128,194498262871";"145,860777250004";"189,436446931282";"206,171554484262";"227,068540153663";"244,57605422548";"236,2073758391";"296,565505837912";"138,24144375807";"136,354415917547";"137,419481731679";"118,346631238419";"126,728267819754";"213,970449385994";"227,16859324965";"270,975068717145";"289,109832555813";"x";"x";;;;"x";;;"x";;;;;"x";"x";;;;;;;;;;;
"9,44_709,2457m/z";;"709,245713906056";"1";"9,43791666666667";"0,0647666666666673";"0";"1,8222788571637";"LP130";"503";"100 - 29,5 - 0,319";"670,840019831346";"---";"556,047149862027";"670,840019831346";"621,731250789956";"495,508250667568";"500,77194032785";"368,132471709341";"394,275071142532";"521,685826322363";"494,359703091502";"543,69322974997";"529,514319596321";"469,533102823317";"686,926435910457";"479,447782483924";"404,061273145722";"418,868108500864";"339,852633823143";"342,558141759813";"589,249600616673";"544,706560473569";"648,823083078108";"625,931253814663";"x";;;;;"x";;;"x";"x";;;;"x";"x";;;;;;;;;;;
"9,49_242,0571m/z";;"242,057137088893";"1";"9,49126666666667";"0,0380666666666674";"0";"Infinity";"504";"500";"100";"51,1098718699781";"---";"19,5343515992139";"27,4167775666837";"0";"25,1643374787352";"7,76776479038321";"49,5628301453433";"51,1098718699781";"5,76154783379324";"27,7296939738468";"5,2714933808462";"25,3689175042612";"16,495048522947";"28,0742185040878";"0";"20,5202117741283";"6,49730682373553";"45,7554268071284";"44,4058070489387";"6,50772857665999";"30,5537569769982";"6,2908022403725";"29,988232147279";;"x";;"x";"x";;"x";;"x";"x";;"x";;"x";"x";;;;;;;;;;;
"9,49_285,0756m/z";;"285,075588081143";"1";"9,49126666666667";"0,0923666666666669";"0";"1,65375291329521";"504";"LP110";"100 - 13";"2166,04859199086";"---";"1309,77764246224";"1548,84389992194";"1790,19279823481";"1749,05637943039";"1829,43397421063";"1922,91595139023";"2166,04859199086";"1406,07245567872";"1364,08256567222";"1397,37821701761";"1507,57208348209";"1105,99246957115";"1585,98442028327";"1380,5063944298";"1426,26474236133";"1530,22061879733";"1775,19806298555";"1881,92872170103";"1588,17355416289";"1503,00422526905";"1667,57868846095";"1782,0792554757";"x";;;;;"x";;;"x";;"x";;;"x";;;;;;;;;;;;
"9,49_447,1284m/z";;"447,12835616758";"1";"9,49126666666667";"0,0923833333333324";"0";"1,66855683040413";"504";"LP110";"100 - 19,2 - 0,161";"1909,46084566803";"---";"1144,37866956294";"1314,07836749158";"1535,64353080528";"1523,79931976202";"1589,4170385733";"1727,42366973638";"1909,46084566803";"1219,99498425065";"1265,22550563217";"1219,61046901963";"1299,95336037783";"966,327527545162";"1345,58932503008";"1184,21083803477";"1242,57929576777";"1329,4596900345";"1594,72344605305";"1658,99750435579";"1377,99710276167";"1394,07930922875";"1455,43733371033";"1536,65615196619";"x";;;;;"x";;;"x";;"x";;;"x";;;;;;;;;;;;
"9,49_592,1792n";"592,179154531492";"593,186430963492";"1";"9,49126666666667";"0,0923833333333324";"0";"1,59744160544274";"504";"507";"100 - 25,8 - 2,68";"4712,61486054356";"---";"2987,97222694794";"3458,21076276115";"4272,32950084144";"4084,40828822543";"4239,30506612275";"4396,28269619207";"4712,61486054356";"3075,1254476678";"3165,33788235334";"2950,10149008698";"3103,81721760034";"2523,08076970969";"3541,13696807761";"3294,60502848535";"3330,62307391227";"3545,94487311415";"4058,5614368505";"4094,46274343297";"3473,38637635274";"3487,70399336988";"3520,540333143";"3668,97764748876";"x";;;;;"x";;;"x";;"x";;;"x";;;;;"M+H, M+Na";;;;;;;
"9,64_557,2350m/z";;"557,235039804353";"1";"9,63693333333333";"0,0533333333333346";"0";"2,98640648821014";"LP130";"503";"100 - 1,31";"166,35538012441";"---";"135,01311273592";"166,35538012441";"68,3193902986357";"89,1230723133759";"65,5977189678095";"55,7041986016152";"59,7008760427386";"100,578369783684";"121,401732328059";"110,468974803558";"112,75228966719";"114,006745220187";"170,344500902196";"52,6844679879227";"72,6752420713183";"54,8688739389607";"51,4250169833253";"51,8699320739971";"113,604321289515";"133,765595452893";"131,829526090446";"133,282858328859";"x";"x";;;;"x";;;;;"x";;;"x";"x";;;;;;;;;;;
"9,68_555,2198m/z";;"555,219805292136";"1";"9,68265";"0,0847333333333342";"0";"1,22611912398331";"508";"503";"100 - 24,4 - 1,2";"1097,99566000748";"---";"906,913896303309";"982,9541874892";"1045,73217680117";"974,149024065147";"942,414913630801";"895,504880831159";"944,267067864595";"1062,28772468378";"1081,58547236051";"1034,5553908271";"1097,99566000748";"765,809330792429";"1006,52494889164";"806,41591138032";"794,367993604812";"788,278097285366";"826,712435713199";"820,407871984756";"1199,8651025706";"1191,73690497712";"1234,59955276656";"1297,92486192911";"x";;;;;"x";;;"x";;"x";;;;;;;;;;;;;;;
"9,76_325,0016m/z";;"325,001573867255";"1";"9,76365";"0,0609999999999999";"0";"1,78463919740301";"500";"LP130";"100";"273,869660946691";"---";"157,86171286812";"153,459400278344";"273,869660946691";"268,877844506479";"245,573438987621";"205,540115692297";"199,367409431655";"230,58370018298";"230,171263024609";"182,132635503967";"208,935472269972";"133,300386268258";"157,139281757014";"211,19446941694";"219,255933731875";"205,408637351872";"189,750579051047";"173,216452930869";"260,446702566876";"253,612493530417";"217,350247585701";"246,979613741141";"x";"x";;;;;;;"x";"x";;;;"x";"x";;;;;;;;;;;
"9,78_287,0553m/z";;"287,055319863868";"1";"9,77508333333333";"0,161283333333333";"0";"2,13514460291557";"504";"LP130";"100 - 14,5 - 1,56";"45041,2067903248";"---";"32640,6956706149";"21095,1552081393";"41551,1719518294";"41320,0398675508";"40815,8740627899";"41727,8794764786";"45041,2067903248";"37466,1141857921";"38391,393575703";"32248,4653595749";"32787,346704281";"27562,2078457523";"21601,0067284717";"32042,1681017336";"33694,3489696111";"34140,227494171";"38522,3549503474";"39133,1667406774";"42318,3680803986";"42301,271352891";"38484,1075338737";"38757,4505020227";"x";"x";;;;"x";;;"x";;;;;"x";"x";;;;;;;;;;;
"9,78_287,1256m/z";;"287,1256011679";"1";"9,77508333333333";"0,0685833333333328";"0";"2,87255021914893";"504";"LP130";"100";"1176,63685850937";"---";"761,126329013896";"409,614025427894";"1010,77127563146";"1057,32514310308";"1044,70378004525";"1115,64469778524";"1176,63685850937";"1040,67705137243";"1073,0826622243";"888,092472351917";"897,869530903469";"642,704502650703";"419,4363697277";"779,455827713687";"862,19380378761";"873,83709239932";"1029,94117088509";"1022,29779480875";"1175,45562089552";"1182,36814689531";"1059,81620597854";"1061,35864591696";"x";"x";;;;"x";;;"x";;;;;"x";"x";;;;;;;;;;;
"9,89_263,0811m/z";;"263,081063101442";"1";"9,8946";"0,0461666666666662";"0";"Infinity";"504";"500";"100";"122,428931010694";"---";"7,78864538112574";"4,73435754976055";"0";"0";"4,55812727953507";"74,4872637129354";"122,428931010694";"0";"0";"0";"0";"6,57682866191812";"4,84788513183872";"0";"0";"3,81262207030824";"68,7651720631355";"106,369969024753";"0";"0";"0";"0";"x";"x";;;;;"x";"x";"x";"x";"x";"x";"x";"x";;;;;;;;;;;;
"9,90_267,0416n";"267,041568914586";"285,075394444586";"1";"9,8984";"0,065199999999999";"0";"4,05814296291531";"LP130";"LP110";"100 - 2,05";"406,290681464851";"---";"100,117389943546";"406,290681464851";"216,414516135552";"228,881308241299";"240,442837348326";"335,521133737029";"378,549307690691";"195,451877816862";"204,266305252026";"215,957332506603";"246,327270466121";"84,5403645328091";"416,033333599338";"166,887959591363";"186,640833291155";"201,117172053885";"309,746490100137";"328,895121447099";"220,7649415267";"225,069308559483";"257,715370770195";"291,179920061738";"x";"x";;;;;"x";;"x";"x";;;;"x";"x";;;;"M+NH4, M+ACN+H";;;;;;;
"9,90_291,0760m/z";;"291,076030691377";"1";"9,8984";"0,061399999999999";"0";"Infinity";"504";"505";"100";"234,353342364343";"---";"54,0762866801526";"42,7975457839854";"9,47400856440596";"12,9096632173204";"25,9715694402144";"183,363425325936";"234,353342364343";"0";"4,85310573822726";"4,03675055354865";"38,0853737096707";"45,6626864833233";"43,823810032232";"7,30587756633886";"10,527160644541";"21,7237854003946";"169,277496099433";"203,61329272707";"0";"5,34735844720543";"4,81730651855858";"45,0201719497745";"x";"x";;;;"x";"x";"x";"x";;"x";"x";"x";;;;;;;;;;;;;
"9,95_545,3290m/z";;"545,328957472986";"1";"9,9479";"0,0572166666666671";"0";"14,8669908596442";"LP130";"501";"100 - 0,686";"147,061334129996";"---";"105,552453498309";"147,061334129996";"11,8434019807092";"9,8918022832171";"22,3956518084151";"18,7297512694684";"26,3363337606774";"14,4005969794424";"26,2421425095693";"31,2746977836874";"36,4766532013017";"89,1297995394317";"150,587793106846";"9,13303426440611";"8,06625160908561";"18,7327275276112";"17,2909367930112";"22,8818056583711";"16,2656250000065";"28,9147094644949";"37,322049876692";"43,1185265974666";"x";"x";;;;;"x";;"x";"x";"x";;;"x";;;;;;;;;;;;
"9,96_557,2355m/z";;"557,235527229677";"1";"9,95935";"0,0534166666666671";"0";"2,15358926081959";"LP130";"504";"100 - 14,3";"292,687681247288";"---";"231,795007707024";"292,687681247288";"160,464778510403";"166,889714548738";"176,215028806035";"151,347936797758";"135,90691900827";"205,685824509464";"212,774334370855";"227,163308805256";"228,878592126978";"195,730576471149";"299,706188913181";"123,742343859723";"136,089904546776";"147,394152629809";"139,721428825839";"118,080053838717";"232,324291420982";"234,443817138448";"271,088162067111";"270,554088604424";"x";"x";;;;"x";;;;;;;;"x";"x";;;;;;;;;;;
"9,97_442,1391m/z";;"442,139139494817";"1";"9,96705";"0,0686499999999999";"0";"Infinity";"504";"LP110";"100 - 21,1";"138,16912669798";"---";"0";"28,0471870753667";"64,0905072064441";"32,2340951121725";"89,2725394226097";"129,420470522541";"138,16912669798";"89,5826842494217";"106,198028236034";"4,2618803954413";"4,31304523007835";"0";"28,7197449249363";"49,423366638491";"26,2852323693451";"74,6715554879857";"119,478424637432";"120,04552850141";"101,184579401479";"117,013507225159";"5,08596801757494";"5,09838867186897";"x";"x";;;;;"x";;"x";"x";;;;"x";"x";;;;;;;;;;;
"10,11_439,0818m/z";;"439,081815063086";"1";"10,1050666666667";"0,0495166666666673";"0";"14,9783705392916";"503";"507";"100";"101,744054912132";"---";"91,8442272467026";"32,5532218881905";"28,2025082668785";"10,8792450508531";"21,0426463249547";"101,744054912132";"90,8325946648336";"15,6693677041508";"12,2031888104115";"6,79273186928006";"7,55880330123473";"77,5544034462805";"33,3338322521052";"21,7483519315769";"8,87145996093847";"17,601013064382";"93,9281038621216";"78,9181135633081";"17,6987148120855";"13,4459927905946";"8,10619112541829";"8,93515255883391";"x";"x";;;;;"x";"x";"x";"x";;;"x";"x";"x";;;;;;;;;;;
"10,11_492,1050n";"492,105034597227";"515,094586437715";"1";"10,1050666666667";"0,0800000000000001";"0";"5,14430707960898";"LP110";"507";"100 - 20,1 - 0,554";"2130,22199556668";"---";"2130,22199556668";"775,884205203992";"955,247392459352";"882,296773642088";"849,153695821275";"2108,06306560265";"2107,90795679065";"650,492960645418";"626,186575475894";"414,09308631875";"438,380369635234";"1798,78584672016";"794,489529551307";"736,638609457503";"719,467248365475";"710,270232318355";"1946,1222254689";"1831,41437419942";"734,73860688601";"689,959018927286";"494,163138779963";"518,203123614684";"x";"x";;;;"x";;;"x";"x";"x";;;"x";"x";;;;"M+H-H2O, M+H, M+Na";;;;;;;
"10,52_229,0529n";"229,052891709046";"497,083873754688";"1";"10,5221833333333";"0,0543166666666668";"0";"2,97437833961277";"508";"LP110";"100 - 2,27";"262,925755006278";"---";"88,3968765858172";"95,0906989933398";"211,616078725303";"194,530534715332";"132,124874236052";"184,504911233404";"138,15087752149";"194,241842739122";"231,842147470587";"190,604684231757";"262,925755006278";"74,6434178352093";"97,3709275188308";"163,187646678334";"158,629559481399";"110,51517008109";"170,331293365194";"120,029673063304";"219,398194242579";"255,453545124682";"227,460472386698";"310,800749669452";"x";"x";;;;;;;"x";"x";"x";;;"x";;;;;"M+ACN+H, 2M+K";;;;;;;
"10,52_270,0529n";"270,052935002741";"271,060211434741";"1";"10,5221833333333";"0,134266666666667";"0";"2,7226189541632";"504";"LP130";"100 - 13,6";"19811,6345140091";"---";"12052,4378593762";"7276,68279974132";"16736,1774286603";"16805,7180637818";"16474,354055769";"18123,784340062";"19811,6345140091";"15130,1649344688";"15663,7575488167";"12743,681066076";"12839,8502951501";"10177,2278593682";"7451,17409980087";"12906,0959140037";"13704,1912578272";"13779,8885408711";"16731,5200808362";"17212,9490324539";"17089,6796406178";"17258,9947059835";"15207,8304209489";"15177,8021794819";"x";"x";;;;"x";;;"x";;;;;"x";"x";;;;"M+H, M+K";;;;;;;
"10,52_271,1283m/z";;"271,128315217428";"1";"10,5221833333333";"0,058133333333334";"0";"16,0537254709079";"504";"LP130";"100";"352,57451845269";"---";"109,127817342687";"21,9621619350359";"216,205960172808";"242,546507231623";"239,615672073007";"333,864739481425";"352,57451845269";"268,258496792457";"278,161759658589";"211,254990459777";"216,178940282188";"92,1488810687405";"22,4888038532873";"166,727131751787";"197,784094163969";"200,425293922567";"308,217339607646";"306,327436637131";"303,000779628826";"306,49046516411";"252,103772358509";"255,542012994686";"x";"x";;;;"x";"x";;"x";;;;;"x";"x";;;;;;;;;;;
"10,52_273,0656m/z";;"273,065578754857";"1";"10,5221833333333";"0,0657499999999995";"0";"3,78610097225817";"504";"LP130";"100";"235,284034164076";"---";"118,181959405307";"62,1441519621553";"168,693879555574";"179,329777897132";"178,905984397214";"213,277490866471";"235,284034164076";"169,139321567996";"179,376644816942";"139,752159166124";"156,675429899391";"99,7943108081431";"63,6343383788781";"130,088211536361";"146,234130859443";"149,644988564824";"196,893571136508";"204,421905994309";"191,044633865385";"197,644821405358";"166,774978637652";"185,203770039005";"x";"x";;;;"x";;;"x";;;;;"x";"x";;;;;;;;;;;
"10,52_351,2137m/z";;"351,21371147957";"1";"10,5183833333333";"0,0543166666666668";"0";"13,938701813743";"503";"LP110";"100";"69,8047329469204";"---";"5,00797950050814";"23,4369159491149";"9,07897968783052";"40,2172229278721";"35,8069042233492";"69,8047329469204";"51,3938858171389";"37,4493887551913";"32,8075619317067";"44,5225430886728";"43,734808908566";"4,22879993959614";"23,998921748446";"7,00125122071032";"32,7950589656749";"29,9505004882794";"64,442352056525";"44,6525669815191";"42,2994765314923";"36,1487680035197";"53,1315309674816";"51,6982879638702";"x";"x";;;;;"x";;"x";"x";;;;"x";"x";;;;;;;;;;;
"10,54_371,0544m/z";;"371,054380083947";"1";"10,5422166666667";"0,050533333333334";"0";"Infinity";"501";"LP110";"100";"47,231739791751";"---";"0";"0";"38,4680730873688";"47,231739791751";"34,1064905583908";"23,0372902340886";"4,09473409008223";"0";"0";"0";"0";"0";"0";"29,6646377590554";"38,5150335790191";"28,5281982421834";"21,2675717679825";"3,55762918724337";"0";"0";"0";"0";"x";"x";;;;"x";"x";"x";;;"x";"x";"x";;;;;;;;;;;;;
"10,75_237,0549n";"237,054904166491";"301,070673946491";"1";"10,7491166666667";"0,126783333333332";"0";"2,81347977416811";"504";"LP130";"100 - 12,6";"3113,6150670401";"---";"1889,89881615309";"1106,67760814479";"2468,40163714179";"2469,53685009565";"2541,37436427217";"2849,99108370427";"3113,6150670401";"1811,15933585145";"1841,33121603116";"1732,04258599133";"1786,83124505776";"1595,85397639509";"1133,21519675575";"1903,50684432162";"2013,77919012568";"2125,71948871247";"2631,05553191763";"2705,20321873212";"2045,72342481883";"2028,85709960729";"2066,95457874706";"2112,18748989993";"x";"x";;;;"x";;;;;"x";;;"x";;;;;"M+ACN+Na, 2M+Na";;;;;;;
"10,75_286,0469m/z";;"286,046889492189";"1";"10,7491166666667";"0,0342666666666673";"0";"Infinity";"504";"LP130";"100 - 0,535";"68,54035224474";"---";"13,0140887809541";"0";"17,4067810124823";"25,6511120551409";"30,8204174527109";"47,0328911766447";"68,54035224474";"13,9132476594656";"12,5296355982144";"23,5808539087893";"26,1579909932338";"10,9892578124997";"0";"13,4232315747587";"20,9171511889866";"25,7795793294093";"43,4198370724557";"59,5499371352175";"15,7151588426613";"13,8056857547455";"28,1405055232178";"30,9209845583584";"x";"x";;;;"x";"x";"x";;;;"x";;"x";"x";;;;;;;;;;;
"10,75_541,2404m/z";;"541,240399502714";"1";"10,7453166666667";"0,0342666666666673";"0";"3,15925534826922";"LP110";"504";"100 - 12,4";"153,51230507339";"---";"153,51230507339";"137,120103090702";"88,7622459319915";"68,1712716314212";"67,7031783690404";"78,0757360629597";"48,5912938811643";"118,111271973001";"119,097664790793";"138,471004127226";"145,769819201676";"129,627692436789";"140,408176201907";"68,4489671804567";"55,59013552296";"56,6299746035499";"72,077978928269";"42,2175900936411";"133,407917805711";"131,226875780811";"165,246096325431";"172,312404640541";"x";"x";;;;"x";;;"x";;"x";;;"x";"x";;;;;;;;;;;
"10,95_355,0597m/z";;"355,059700309065";"1";"10,95225";"0,0876166666666673";"0";"14,2083045931977";"503";"508";"100 - 70,8";"639,745543932374";"---";"314,714899007437";"82,5052282484931";"345,276179985936";"311,136430372623";"307,070475647306";"639,745543932374";"369,798880940951";"139,33970511302";"176,474344983582";"57,4777118397455";"45,0261704157622";"265,749160070967";"84,483663331482";"266,259575384773";"253,715618274781";"256,847516709183";"590,600462579406";"321,292485251232";"157,385655206888";"194,446943929086";"68,5917428497109";"53,2247878098867";"x";"x";;;;;"x";"x";"x";"x";;;;"x";"x";;;;;;;;;;;
"10,95_357,0721m/z";;"357,072094400852";"1";"10,95225";"0,05335";"0";"Infinity";"503";"507";"100";"52,5909573342072";"---";"8,07294470234715";"1,77586651590496";"11,0653441113861";"10,2473918213533";"5,10449281540485";"52,5909573342072";"8,45489712223399";"5,31197708908163";"2,72246276607461";"0";"0";"6,81689453125452";"1,81845092773386";"8,53303527832145";"8,35621643066634";"4,26962670681005";"48,5509340763144";"7,34587109088579";"5,99993371545446";"2,99972534179506";"0";"0";"x";"x";;;;;"x";"x";"x";"x";;"x";"x";"x";"x";;;;;;;;;;;
"10,95_395,0520m/z";;"395,051955931301";"1";"10,95225";"0,0419333333333327";"0";"Infinity";"503";"LP130";"100 - 1,77";"128,398240592334";"---";"22,5067332545244";"0";"41,726207064783";"25,3251579489227";"23,8472390576887";"128,398240592334";"35,7549201885827";"3,36023108096156";"3,43529682895872";"0";"0";"19,0049644207973";"0";"32,177146352635";"20,6513525247502";"19,9469002007628";"118,534722136698";"31,0649592506029";"3,79541617297616";"3,78515625000591";"0";"0";"x";"x";;;;;"x";"x";"x";"x";;"x";"x";"x";"x";;;;;;;;;;;
"11,17_472,1154n";"472,115406434868";"473,122682866868";"1";"11,1705833333333";"0,149649999999999";"0";"3,60715298259838";"505";"LP130";"100 - 12,8";"1198,12853182699";"---";"608,226065781252";"332,153512093054";"1057,96084566385";"1038,03238539372";"995,28788003991";"653,819274585018";"639,017430121388";"1198,12853182699";"1090,44122424983";"819,527311286645";"781,439884152295";"513,593625927499";"340,118391109976";"815,846044032477";"846,461560717924";"832,503417530174";"603,593053012436";"555,197727262296";"1353,29871590231";"1201,49454930345";"977,993117589934";"923,728836721774";"x";"x";;;;;;;"x";"x";"x";;;;;;;;"M+H, M+Na";;;;;;;
"11,17_475,2507m/z";;"475,250740488483";"1";"11,1667833333333";"0,0533833333333327";"0";"6,3233650982607";"LP110";"502";"100 - 0,51";"119,703777761657";"---";"119,703777761657";"111,339857824712";"31,9173324660009";"32,9536711233716";"18,9303916350777";"57,4057247483419";"70,583920894445";"61,4799596567568";"65,6245001042213";"34,3453959426687";"44,6036684512201";"101,079353083726";"114,009733243904";"24,6130369901514";"26,8720092773351";"15,8342285156279";"52,9958323471506";"61,3254515677505";"69,4422578605528";"72,3078671482078";"40,9865057457282";"52,7253543203324";"x";"x";;;;"x";"x";;"x";"x";;;;"x";"x";;;;;;;;;;;
"11,39_355,0598m/z";;"355,059824322404";"1";"11,38985";"0,0999999999999996";"0";"4,77225838388558";"503";"507";"100 - 64,1";"1583,7980299466";"---";"943,075631950302";"426,592438452249";"780,22646297355";"650,770076418109";"674,300331311912";"1583,7980299466";"1056,0910094539";"587,633588387883";"668,191822540828";"331,876001369622";"354,310005237691";"796,344748420273";"436,821916805181";"601,671296131005";"530,669237592679";"564,015036771457";"1462,13108944717";"917,563904508159";"663,738288056417";"736,242187857719";"396,048357098904";"418,824756215429";"x";"x";;;;;;;"x";"x";;;;"x";"x";;;;;;;;;;;
"11,39_357,0725m/z";;"357,072470184353";"1";"11,38985";"0,0695499999999996";"0";"6,46559683256796";"503";"LP130";"100 - 0,146";"195,304537808669";"---";"112,408864348419";"30,2067299997577";"67,8681025131878";"65,4131168187121";"81,8886690518679";"195,304537808669";"138,318429328261";"59,7091834876318";"73,6255023396193";"40,538384238555";"41,2858270040526";"94,9194378128813";"30,9310726340681";"52,3364576092902";"53,341003356836";"68,4953551729614";"180,301295519223";"120,175247155548";"67,4421476451879";"81,1237119282956";"48,3769854128217";"48,8033817123639";"x";"x";;;;;"x";;"x";"x";;;;"x";"x";;;;;;;;;;;
"11,39_409,0678m/z";;"409,067797244854";"1";"11,38985";"0,0456833333333329";"0";"11,2423354164332";"503";"507";"100 - 9,19";"243,869917497034";"---";"140,35939547493";"54,8733153936048";"109,370285074052";"122,00779398696";"94,6653587286996";"243,869917497034";"155,375943055503";"83,875378905781";"96,995851134032";"21,6921047508121";"40,6769360577776";"118,521212605984";"56,1891507000371";"84,3408475635791";"99,4910266492133";"79,18235140189";"225,135895746349";"134,995332504881";"94,7381182851296";"106,874156855875";"25,8865432062629";"48,0836204909321";"x";"x";;;;;;;"x";"x";;;;"x";"x";;;;;;;;;;;
"11,59_359,0908m/z";;"359,090810881707";"1";"11,5931666666667";"0,0535166666666669";"0";"Infinity";"508";"502";"100 - 3,66";"230,870762419282";"---";"15,1256175305011";"97,4856520669081";"3,73627338116225";"3,66794986596744";"0";"34,5629738005058";"33,6289293413861";"126,368292933958";"115,885040689188";"191,899457282646";"230,870762419282";"12,7722588506697";"99,8233103975575";"2,88122558593591";"2,99102283499977";"0";"31,9078554095508";"29,2178339126919";"142,734309396271";"127,6870698186";"229,005605923032";"272,909004425821";"x";"x";;;;"x";;;"x";;"x";;;"x";;;;;;;;;;;;
"11,60_520,1362n";"520,136248759558";"543,125860566641";"1";"11,5969666666667";"0,0573333333333341";"0";"55,5895470590738";"508";"502";"100 - 12,7";"326,467567254648";"---";"18,2101370046205";"109,483484276528";"5,97787119849967";"6,12254121714928";"5,87282294111371";"21,6531012539438";"26,6508766864388";"146,114082767098";"137,739596973804";"284,968264664534";"326,467567254648";"15,376865312121";"112,108844764571";"4,60983276367983";"4,99261474608261";"4,91229248047381";"19,9897158145891";"23,1550900936267";"165,037385665491";"151,767350047804";"340,070425640741";"385,912611121281";"x";"x";;;;"x";;;"x";;"x";;;"x";;;;;"M+H, M+Na";;;;;;;
"11,61_369,0753m/z";;"369,075284161014";"1";"11,6122";"0,0418833333333328";"0";"Infinity";"507";"LP110";"100";"37,6986551354599";"---";"0";"3,86365037880574";"0";"10,4466762379269";"0";"12,6829669115758";"0";"31,7193052332153";"23,9565135612449";"37,6986551354599";"33,4190281312617";"0";"3,95629882812352";"0";"8,51872253418802";"0";"11,7086647900869";"0";"35,8272872243246";"26,3963062144425";"44,9881593415019";"39,5041520225839";"x";"x";;;;;"x";;"x";"x";"x";;"x";"x";;;;;;;;;;;;
"11,61_414,0733n";"414,073335098075";"397,070046848075";"1";"11,6084";"0,0647333333333346";"0";"2,11010514830211";"508";"LP130";"100 - 4,08";"348,252314401327";"---";"185,042370692217";"165,040265733463";"231,758345744462";"206,247290377295";"215,884283999468";"198,164838878386";"185,986017532995";"322,669605533365";"296,444404025674";"324,539260260946";"348,252314401327";"156,252070505995";"168,997850710374";"178,720347092323";"168,183965898511";"180,575296680398";"182,941869026789";"161,590293737792";"364,45869639975";"326,635060824475";"387,292965776363";"411,664047089909";"x";"x";;;;;;;"x";"x";"x";;;"x";;;;;"M+H-H2O, M+H";;;;;;;
"11,66_359,0906m/z";;"359,090613581751";"1";"11,6579";"0,0733166666666669";"0";"10,4955114392341";"508";"500";"100 - 5,77";"300,222231091789";"---";"46,0151431744225";"143,896149381469";"28,6048214829728";"35,0925822715046";"31,9490424826428";"42,1914098298772";"41,1583739569838";"152,085064457011";"144,963919070268";"261,939635035097";"300,222231091789";"38,8557570287102";"147,346708773728";"22,0585955924437";"28,616180359241";"26,7236119187449";"38,9502770261372";"35,7596437931095";"171,781671974501";"159,727415595845";"312,58892383483";"354,888377095411";"x";"x";;;;"x";;;"x";;"x";;;"x";;;;;;;;;;;;
"11,66_520,1361n";"520,136111100903";"543,125884991641";"1";"11,6617166666667";"0,0609333333333328";"0";"Infinity";"508";"LP110";"100 - 11,8";"314,715062540279";"---";"0";"122,393762768238";"7,47040975896088";"0";"0";"4,01388116477568";"3,01375149802419";"132,546346800472";"130,627710242976";"300,388376124201";"314,715062540279";"0";"125,328705429937";"5,76080322266137";"0";"0";"3,70553588866557";"2,61843872070676";"149,712485895899";"143,931170570793";"358,472207585442";"372,020144498403";"x";"x";;;;"x";;;;;"x";;;"x";;;;;"M+H, M+Na";;;;;;;
"11,84_327,0648m/z";;"327,064821705206";"1";"11,84175";"0,0694833333333342";"0";"2,27936301752537";"505";"LP130";"100 - 2,84";"278,171953286366";"---";"185,081815633756";"122,039337809547";"207,804765924714";"180,933308693055";"238,582734753159";"158,798167408993";"155,642209304326";"278,171953286366";"250,367503618007";"224,630124483565";"215,276092904814";"156,285378303357";"124,965781533815";"160,248554476883";"147,541727037824";"199,561298825155";"146,599334716785";"135,226672698786";"314,198132489544";"275,865570954266";"268,065155026246";"254,474770108121";"x";"x";;;;;;;"x";"x";"x";;;;;;;;;;;;;;;
"11,85_372,0628n";"372,062784628711";"395,052156410104";"1";"11,8455666666667";"0,0771166666666652";"0";"2,17092919213662";"505";"LP130";"100 - 11,3";"999,043858575178";"---";"694,682040658693";"460,191821176775";"767,492429691636";"733,209364810105";"836,868093430737";"594,200304362391";"568,111454684094";"999,043858575178";"976,377724846862";"850,899848938114";"886,668390764456";"586,598122312189";"471,226996319598";"591,85145192769";"597,894200607966";"699,994003518975";"548,5539961156";"493,592464938507";"1128,43049391225";"1075,81453119755";"1015,43192589066";"1048,11793942065";"x";"x";;;;;;;"x";"x";"x";;;;;;;;"M+H-H2O, M+H, M+Na";;;;;;;
"12,21_272,2581m/z";;"272,258141181079";"1";"12,2102833333333";"0,0733500000000014";"0";"1,26245294522006";"LP110";"LP130";"100 - 2,38";"317,503831246918";"---";"317,503831246918";"251,497556759689";"303,832128006029";"295,468124732031";"310,232753151446";"266,064352979518";"301,349328135922";"292,414451503695";"274,212448275778";"267,519320428579";"279,886283911127";"268,104169009134";"257,528345355058";"234,300012802599";"240,938927842998";"259,492587429094";"245,625360639017";"261,821437423549";"330,285183283136";"302,138945802565";"319,247510849551";"330,849546708341";;;;"x";"x";;;;"x";"x";;;;"x";"x";;;;;;;;;;;
"12,21_285,0755m/z";;"285,075505910669";"1";"12,2064833333333";"0,0885833333333341";"0";"2,888972698029";"504";"LP130";"100 - 11,8";"2068,13225869548";"---";"1280,63171570566";"715,871167666785";"1692,3599194245";"1565,2396690938";"1668,99278503732";"1819,66353344982";"2068,13225869548";"1051,52365957959";"1084,79638075454";"1113,22504141707";"1137,77633115733";"1081,38128789694";"733,037408680585";"1305,06261266714";"1276,37175086422";"1396,0204130297";"1679,87746813902";"1796,85604113718";"1187,7069783824";"1195,2748204997";"1328,48095950016";"1344,94902057584";"x";"x";;;;"x";;;;;"x";;;;;;;;;;;;;;;
"12,55_327,0647m/z";;"327,064709946354";"1";"12,5480833333333";"0,0391499999999994";"0";"Infinity";"508";"LP110";"100";"77,3578368828438";"---";"0";"0";"0";"0";"0";"0";"0";"62,9688005149226";"56,4125906215371";"56,306558992989";"77,3578368828438";"0";"0";"0";"0";"0";"0";"0";"71,1239191915507";"62,1577932276843";"67,194133022681";"91,4435852639122";"x";"x";;;;"x";"x";"x";"x";"x";"x";;"x";;;;;;;;;;;;;
"12,76_314,0571m/z";;"314,057064278719";"1";"12,7626";"0,0725666666666651";"0";"20,1094559285149";"504";"LP130";"100 - 11,6";"907,468058181741";"---";"195,236158214686";"45,1264351162761";"601,976190625457";"557,644243760593";"639,249304256348";"672,572770422217";"907,468058181741";"442,810894180886";"483,983060131697";"322,706477109735";"328,0314235524";"164,859830992015";"46,2085449934267";"464,21367646678";"454,729952110233";"534,696785844369";"620,905910321844";"788,43577611009";"500,159539284791";"533,273133637703";"385,105791190193";"387,761223136125";"x";"x";;;;"x";"x";;;;;;;"x";"x";;;;;;;;;;;
"12,76_563,0700m/z";;"563,070020372552";"2";"12,7626";"0,0382999999999996";"0";"Infinity";"504";"LP110";"100 - 33,2";"178,385123240614";"---";"0";"0";"46,5107101262649";"74,1789297067458";"57,7142731756668";"115,538360836351";"178,385123240614";"32,9977930988687";"42,7462786891444";"7,84035420319207";"6,20631470732983";"0";"0";"35,8667137986987";"60,4890690266291";"48,2748063375252";"106,662734899532";"154,986406210829";"37,2713526487973";"47,0996691117819";"9,35638427735961";"7,33639526366142";"x";"x";;;;;"x";"x";"x";"x";;"x";;"x";"x";;;;;;;;;;;
"12,77_329,0804m/z";;"329,080405459849";"1";"12,7664166666667";"0,0687499999999996";"0";"Infinity";"504";"LP130";"100 - 3,4";"462,365412749863";"---";"96,0884402434455";"0";"304,744690219235";"312,452190294539";"344,81221117218";"394,577815255834";"462,365412749863";"253,173700643655";"232,14263729695";"169,712653963577";"187,250329640929";"81,1382694869539";"0";"235,003734754719";"254,788552233978";"288,416396867473";"364,266453160791";"401,717096002615";"285,962344506433";"255,784637604009";"202,528708022822";"221,345918838812";"x";"x";;;;"x";"x";;"x";;;;;"x";"x";;;;;;;;;;;
"12,77_341,0449n";"341,044860087962";"342,052136519963";"1";"12,7664166666667";"0,114466666666665";"0";"6,21386936034702";"504";"LP130";"100 - 32,8";"2614,73245538947";"---";"918,302258840436";"420,789737240864";"1996,89901103854";"1950,03683090891";"2147,45470427627";"2171,55086006283";"2614,73245538947";"1460,38288943052";"1508,29863406709";"1106,1736272077";"1178,90210254644";"775,42580522173";"430,880069652424";"1539,90780014726";"1590,15387436348";"1796,22741937695";"2004,73290456149";"2271,75887261078";"1649,51775747998";"1661,90762716272";"1320,06606658437";"1393,56320285009";"x";"x";;;;"x";"x";;;;;;;"x";"x";;;;"M+H, M+NH4";;;;;;;
"12,77_344,0639m/z";;"344,063927579589";"1";"12,7664166666667";"0,0649499999999996";"0";"Infinity";"504";"LP110";"100";"106,638269658705";"---";"0";"0";"19,7992571154429";"57,4721471852734";"64,0843894520996";"77,2990938739982";"106,638269658705";"40,4580424548573";"25,2703509141155";"29,745660673224";"27,7006352244426";"0";"0";"15,2681884765596";"46,8655545711176";"53,6030572652691";"71,360998184269";"92,650563447777";"45,6977823728065";"27,8439481258451";"35,4973544089777";"32,7445220947306";"x";"x";;;;;"x";;"x";"x";;;;"x";"x";;;;;;;;;;;
"12,77_356,0667m/z";;"356,06671556626";"1";"12,7702166666667";"0,0877833333333324";"0";"4,69017201494766";"503";"LP130";"100";"304,325612227896";"---";"171,685513033919";"64,8858104261433";"273,023714102951";"286,153190066964";"279,295418883336";"304,325612227896";"295,371983851378";"209,269897294193";"215,234335537879";"162,168209379843";"158,902021148159";"144,973374406526";"66,4417404739775";"210,542117877887";"233,343081850594";"233,615213632035";"280,947400198783";"256,628139392205";"236,372539141014";"237,154351120225";"193,525451173033";"187,835791498097";"x";"x";;;;"x";;;;;;;;"x";"x";;;;;;;;;;;
"12,77_356,0684n";"356,068405953112";"357,075682385112";"1";"12,7664166666667";"0,384516666666666";"0";"5,22278197946651";"504";"LP130";"100 - 24,5";"15437,3428846523";"---";"5886,23144787306";"2955,77011358019";"12217,73294401";"11394,7677946376";"12777,0676436137";"13482,0273883489";"15437,3428846523";"8604,31581305647";"8730,51349146886";"6214,88894457623";"6514,91266844242";"4970,40676558059";"3026,64803748998";"9421,69942325345";"9291,84201493763";"10687,3123772954";"12446,3416550327";"13412,4317749825";"9718,66476067592";"9619,65132952165";"7416,61507880533";"7701,18447062961";"x";"x";;;;"x";"x";;"x";;;;;"x";"x";;;;"M+H, M+Na";;;;;;;
"12,77_372,0630n";"372,06297345838";"395,052197235417";"1";"12,7702166666667";"0,0953999999999997";"0";"6,9831662083942";"504";"LP130";"100 - 26,8";"1044,50015738011";"---";"367,51864392391";"149,574007865452";"895,050011428501";"902,390934520625";"922,7835439012";"1014,77735172475";"1044,50015738011";"614,012811399599";"620,942224565704";"448,085873470702";"441,43654215618";"310,337296522119";"153,160719531445";"690,217425368862";"735,852994145566";"771,857539255426";"936,822427335414";"907,493420629217";"693,533896524082";"684,180569898488";"534,728854436364";"521,815781152194";"x";"x";;;;"x";"x";;;;;;;"x";"x";;;;"M+H-H2O, M+Na";;;;;;;
"12,77_381,0720m/z";;"381,07195781453";"1";"12,7702166666667";"0,0649499999999996";"0";"Infinity";"504";"LP110";"100";"90,2240468932091";"---";"0";"0";"13,2762067060417";"29,198635110389";"68,165769985196";"67,4836518693133";"90,2240468932091";"25,2105330508912";"46,7285721305613";"32,3450566199884";"26,1745051818978";"0";"0";"10,2379410025189";"23,8099722071759";"57,0169069766788";"62,2995758056849";"78,3893887996154";"28,4755609258044";"51,4875295091921";"38,5993759167608";"30,9405057430245";"x";"x";;;;;"x";;"x";"x";;;;"x";"x";;;;;;;;;;;
"12,99_344,0671m/z";;"344,067129045422";"1";"12,9888833333333";"0,111383333333333";"0";"25,6882452781019";"504";"LP130";"100 - 4,35";"560,351859266138";"---";"83,0636714053751";"21,8135514201047";"474,553141070626";"520,848301883636";"552,024027678922";"471,832765240253";"560,351859266138";"285,623891257209";"253,705220906034";"146,232567047606";"157,264569856153";"70,1399933018982";"22,3366297307802";"365,951447459022";"424,724770357217";"461,737652811613";"435,586698577256";"486,850693059599";"322,615174417047";"279,543209913155";"174,508454044731";"185,900183900087";"x";"x";;;;"x";"x";;;;;;;"x";"x";;;;;;;;;;;
"12,99_358,0837n";"358,083747622159";"359,091024054159";"1";"12,9888833333333";"0,2271";"0";"5,82643451468106";"504";"LP130";"100 - 16";"5179,64922273378";"---";"1868,8201506294";"888,991236352601";"4863,79007134126";"4861,71981543433";"5152,56653389586";"4505,49943493887";"5179,64922273378";"2919,33592689823";"2786,75447319043";"1970,92337826308";"1939,65947014253";"1578,05489006012";"910,308812072437";"3750,70958908532";"3964,48030008707";"4309,83772086916";"4159,38817497638";"4500,23636433741";"3297,42048220363";"3070,5646809059";"2352,02594555656";"2292,8435345155";"x";"x";;;;"x";"x";;;;;;;"x";"x";;;;"M+H, M+Na";;;;;;;
"13,06_336,0623m/z";;"336,062337741276";"1";"13,0583666666667";"0,0456833333333329";"0";"Infinity";"505";"LP110";"100";"66,2402552190228";"---";"0";"0";"0";"0";"0";"0";"0";"66,2402552190228";"55,4797568967459";"48,878481480501";"48,6030911902109";"0";"0";"0";"0";"0";"0";"0";"74,8190615177587";"61,1299573289507";"58,3297442657858";"57,4530143606875";"x";"x";;;;"x";"x";"x";"x";;"x";;"x";;;;;;;;;;;;;
"13,06_350,0788n";"350,078800729376";"373,06793899318";"1";"13,0583666666667";"0,0809666666666651";"0";"Infinity";"505";"LP110";"100 - 14,5";"1425,72921402069";"---";"0";"0";"52,2449395731744";"80,0693070776086";"44,8771632116347";"21,4926174874783";"19,980008469547";"1425,72921402069";"1341,66185312933";"1327,20721070622";"1389,76404747363";"0";"0";"40,2886623320588";"65,2923661999315";"37,5372718707749";"19,841560368084";"17,3592374324855";"1610,37606843106";"1478,30012997926";"1583,83924465993";"1642,82007218404";"x";"x";;;;;"x";"x";"x";"x";"x";;"x";;;;;;"M+H, M+Na";;;;;;;
"13,20_699,3556m/z";;"699,355639419107";"1";"13,19555";"0,0809499999999996";"0";"3,52782935648857";"506";"500";"100 - 29,1 - 1,68";"1378,6948715787";"---";"398,878729520448";"701,561062358329";"390,805430836084";"612,536941269741";"570,886825371365";"957,454199748293";"1124,17784697164";"1222,5808439414";"1378,6948715787";"913,274122843747";"1117,50023075587";"336,818141354434";"718,384154034995";"301,36943729138";"499,4920992835";"477,515342722304";"883,902824541927";"976,719814291628";"1380,91785834508";"1519,10468580645";"1089,86704202926";"1320,98093420485";"x";"x";;;;"x";;;"x";;"x";;;;;;;;;;;;;;;
"13,44_469,0914m/z";;"469,091357300401";"1";"13,44155";"0,0726500000000012";"0";"Infinity";"508";"LP110";"100 - 8,71";"194,769721303401";"---";"0";"0";"0";"0";"0";"0";"0";"49,2008370808228";"30,8589716461842";"173,020996777499";"194,769721303401";"0";"0";"0";"0";"0";"0";"0";"55,572860401935";"34,001728296275";"206,476760098797";"230,23448346687";"x";"x";;;;;"x";;"x";"x";"x";"x";;"x";;;;;;;;;;;;
"13,55_469,0915m/z";;"469,091540543646";"1";"13,55315";"0,107616666666667";"0";"55,0186240200534";"508";"LP130";"100 - 26,5 - 0,687";"1289,20587678632";"---";"25,0120120553379";"23,4321722825424";"32,4028083408873";"27,1152785771266";"36,4107063368156";"24,4947988666371";"45,122020460174";"678,926735423891";"665,220427911211";"1116,63781314636";"1289,20587678632";"21,1204528808592";"23,9940643310656";"24,9874114990216";"22,1111030317135";"30,4555476540828";"22,6131149777178";"39,2033801084465";"766,854853076464";"732,968178794305";"1332,55363312211";"1523,95170634343";"x";"x";;;;;"x";;"x";"x";"x";;"x";;;;;;;;;;;;;
"13,71_315,0648m/z";;"315,064836940206";"1";"13,7140666666667";"0,0466833333333341";"0";"42,8481383351502";"504";"507";"100 - 0,88";"151,614451296593";"---";"62,6492582901641";"18,756422172357";"125,017130283709";"135,404303716673";"142,71668749366";"128,276271390162";"151,614451296593";"23,0065773330594";"11,8904060855027";"3,53841397053689";"4,76726467759398";"52,901809930793";"19,2061920165829";"96,4069054127019";"110,415185368678";"119,374637690045";"118,422122575971";"131,727234363542";"25,9861698766661";"13,1013554724734";"4,22261035442023";"5,63531494141199";"x";"x";;;;;"x";"x";"x";"x";;"x";"x";"x";"x";;;;;;;;;;;
"13,75_469,0912m/z";;"469,091164627047";"1";"13,7484166666667";"0,042016666666667";"0";"Infinity";"508";"LP110";"100 - 4,52";"112,511433352146";"---";"0";"0";"0";"0";"0";"0";"0";"14,1737905051352";"33,7615531640102";"103,870827519683";"112,511433352146";"0";"0";"0";"0";"0";"0";"0";"16,0094447135975";"37,1999161444792";"123,955544902017";"132,998145546437";"x";"x";;;;;"x";;"x";"x";"x";"x";;"x";"x";;;;;;;;;;;
"13,82_357,0756m/z";;"357,075551215733";"1";"13,8246166666667";"0,0923333333333343";"0";"4,50811365016653";"504";"LP130";"100 - 17";"1600,2715561256";"---";"690,29664272858";"354,97586802553";"780,333897664748";"701,991502049988";"880,780840251092";"1236,67012063892";"1600,2715561256";"1391,16444950203";"1312,42197486817";"1098,09360016352";"1121,72240533005";"582,895037964482";"363,488015992698";"601,754144346197";"572,437653003063";"736,72459426988";"1141,66945316727";"1390,36447064466";"1571,33480516421";"1446,0823876821";"1310,42366573901";"1325,97190598264";"x";"x";;;;;;;"x";"x";"x";;;;;;;;;;;;;;;
"13,83_342,0517m/z";;"342,05170945646";"1";"13,8284333333333";"0,0380833333333346";"0";"Infinity";"505";"LP130";"100";"65,7933450731987";"---";"3,80556999952079";"0";"0";"0";"0";"21,5941728212533";"49,5069691729343";"65,7933450731987";"53,2722604339789";"52,9848484423933";"48,9269459459517";"3,21347045898841";"0";"0";"0";"0";"19,9353142483162";"43,0131565632512";"74,3142718308416";"58,69764377675";"63,2301283917576";"57,8358384049348";"x";"x";;;;;"x";;"x";"x";"x";;"x";"x";;;;;;;;;;;;
"14,01_537,3030m/z";;"537,302976164724";"1";"14,0128833333333";"0,0811999999999991";"0";"3,30761992245491";"504";"LP110";"100 - 23,2 - 0,243";"1154,0580569375";"---";"348,908908518412";"574,138807850747";"517,999096900696";"469,69353000971";"574,724629215622";"988,111919147575";"1154,0580569375";"977,735931783171";"1071,93418266333";"815,170432556927";"914,471675477285";"294,623005369233";"587,906376089406";"399,454777320848";"383,010707628675";"480,725453967732";"912,20542614748";"1002,6806470971";"1104,3629675992";"1181,10270323654";"972,793782127705";"1080,98380199777";"x";"x";;;;;;;"x";"x";"x";;;"x";;;;;;;;;;;;
"14,12_677,3710m/z";;"677,370969481835";"1";"14,1207666666667";"0,0344833333333341";"0";"Infinity";"506";"LP110";"100 - 9,42";"97,4566311056838";"---";"0";"11,6425099529194";"0";"0";"0";"28,3108999538951";"39,9222603304506";"74,0872274615279";"97,4566311056838";"52,5103049474871";"79,0079173049637";"0";"11,9216916561144";"0";"0";"0";"26,1360642014526";"34,6856707780717";"83,6822987893979";"107,381863839118";"62,6638260054628";"93,3941215748091";"x";"x";;;;"x";"x";"x";"x";"x";"x";;"x";"x";;;;;;;;;;;;
"14,14_453,0967m/z";;"453,096686008008";"1";"14,1359833333333";"0,0462333333333333";"0";"Infinity";"508";"LP110";"100 - 13,9";"215,869055336771";"---";"0";"0";"0";"0";"0";"0";"0";"74,1977651133231";"71,620353312016";"165,796142023731";"215,869055336771";"0";"0";"0";"0";"0";"0";"0";"83,8071522239498";"78,9143533919253";"197,854889750536";"255,175702462099";"x";"x";;;;;"x";;"x";"x";"x";"x";;;;;;;;;;;;;;
